,Rank,Player,Age,Tm,First,Pts Won,Pts Max,Share,G,MP,PTS,TRB,AST,STL,BLK,FG%,3P%,FT%,WS,WS/48,Year
0,1,Michael Jordan,27,CHI,77.0,891.0,960,0.928,82,37.0,31.5,6.0,5.5,2.7,1.0,0.539,0.312,0.851,20.3,0.321,1991
1,2,Magic Johnson,31,LAL,10.0,497.0,960,0.518,79,37.1,19.4,7.0,12.5,1.3,0.2,0.477,0.32,0.906,15.4,0.251,1991
2,3,David Robinson,25,SAS,6.0,476.0,960,0.496,82,37.7,25.6,13.0,2.5,1.5,3.9,0.552,0.143,0.762,17.0,0.264,1991
3,4,Charles Barkley,27,PHI,2.0,222.0,960,0.231,67,37.3,27.6,10.1,4.2,1.6,0.5,0.57,0.284,0.722,13.4,0.258,1991
4,5,Karl Malone,27,UTA,0.0,142.0,960,0.148,82,40.3,29.0,11.8,3.3,1.1,1.0,0.527,0.286,0.77,15.5,0.225,1991
5,6,Clyde Drexler,28,POR,1.0,75.0,960,0.078,82,34.8,21.5,6.7,6.0,1.8,0.7,0.482,0.319,0.794,12.4,0.209,1991
6,7,Kevin Johnson,24,PHO,0.0,32.0,960,0.033,77,36.0,22.2,3.5,10.1,2.1,0.1,0.516,0.205,0.843,12.7,0.22,1991
7,8,Dominique Wilkins,31,ATL,0.0,29.0,960,0.03,81,38.0,25.9,9.0,3.3,1.5,0.8,0.47,0.341,0.829,11.4,0.177,1991
8,9T,Larry Bird,34,BOS,0.0,25.0,960,0.026,60,38.0,19.4,8.5,7.2,1.8,1.0,0.454,0.389,0.891,6.6,0.14,1991
9,9T,Terry Porter,27,POR,0.0,25.0,960,0.026,81,32.9,17.0,3.5,8.0,2.0,0.1,0.515,0.415,0.823,13.0,0.235,1991
10,11,Patrick Ewing,28,NYK,0.0,20.0,960,0.021,81,38.3,26.6,11.2,3.0,1.0,3.2,0.514,0.0,0.745,10.0,0.155,1991
11,12,John Stockton,28,UTA,0.0,15.0,960,0.016,82,37.8,17.2,2.9,14.2,2.9,0.2,0.507,0.345,0.836,14.0,0.217,1991
12,13,Isiah Thomas,29,DET,0.0,11.0,960,0.011,48,34.5,16.2,3.3,9.3,1.6,0.2,0.435,0.292,0.782,3.4,0.098,1991
13,14,Robert Parish,37,BOS,0.0,10.0,960,0.01,81,30.1,14.9,10.6,0.8,0.8,1.3,0.598,0.0,0.767,10.0,0.198,1991
14,15,Joe Dumars,27,DET,0.0,8.0,960,0.008,80,38.1,20.4,2.3,5.5,1.1,0.1,0.481,0.311,0.89,9.9,0.155,1991
15,16,Bernard King,34,WSB,0.0,7.0,960,0.007,64,37.5,28.4,5.0,4.6,0.9,0.3,0.472,0.216,0.79,3.5,0.07,1991
16,17,Kenny Smith,25,HOU,0.0,5.0,960,0.005,78,34.6,17.7,2.1,7.1,1.4,0.1,0.52,0.363,0.844,9.0,0.161,1991
17,18,Hakeem Olajuwon,28,HOU,0.0,4.0,960,0.004,56,36.8,21.2,13.8,2.3,2.2,3.9,0.508,0.0,0.769,8.6,0.201,1991
18,19T,Tim Hardaway,24,GSW,0.0,1.0,960,0.001,82,39.2,22.9,4.0,9.7,2.6,0.1,0.476,0.385,0.803,9.9,0.148,1991
19,19T,Kevin McHale,33,BOS,0.0,1.0,960,0.001,68,30.4,18.4,7.1,1.9,0.4,2.1,0.553,0.405,0.829,7.9,0.182,1991
0,1,Michael Jordan,27,CHI,77.0,891.0,960,0.928,82,37.0,31.5,6.0,5.5,2.7,1.0,0.539,0.312,0.851,20.3,0.321,1992
1,2,Magic Johnson,31,LAL,10.0,497.0,960,0.518,79,37.1,19.4,7.0,12.5,1.3,0.2,0.477,0.32,0.906,15.4,0.251,1992
2,3,David Robinson,25,SAS,6.0,476.0,960,0.496,82,37.7,25.6,13.0,2.5,1.5,3.9,0.552,0.143,0.762,17.0,0.264,1992
3,4,Charles Barkley,27,PHI,2.0,222.0,960,0.231,67,37.3,27.6,10.1,4.2,1.6,0.5,0.57,0.284,0.722,13.4,0.258,1992
4,5,Karl Malone,27,UTA,0.0,142.0,960,0.148,82,40.3,29.0,11.8,3.3,1.1,1.0,0.527,0.286,0.77,15.5,0.225,1992
5,6,Clyde Drexler,28,POR,1.0,75.0,960,0.078,82,34.8,21.5,6.7,6.0,1.8,0.7,0.482,0.319,0.794,12.4,0.209,1992
6,7,Kevin Johnson,24,PHO,0.0,32.0,960,0.033,77,36.0,22.2,3.5,10.1,2.1,0.1,0.516,0.205,0.843,12.7,0.22,1992
7,8,Dominique Wilkins,31,ATL,0.0,29.0,960,0.03,81,38.0,25.9,9.0,3.3,1.5,0.8,0.47,0.341,0.829,11.4,0.177,1992
8,9T,Larry Bird,34,BOS,0.0,25.0,960,0.026,60,38.0,19.4,8.5,7.2,1.8,1.0,0.454,0.389,0.891,6.6,0.14,1992
9,9T,Terry Porter,27,POR,0.0,25.0,960,0.026,81,32.9,17.0,3.5,8.0,2.0,0.1,0.515,0.415,0.823,13.0,0.235,1992
10,11,Patrick Ewing,28,NYK,0.0,20.0,960,0.021,81,38.3,26.6,11.2,3.0,1.0,3.2,0.514,0.0,0.745,10.0,0.155,1992
11,12,John Stockton,28,UTA,0.0,15.0,960,0.016,82,37.8,17.2,2.9,14.2,2.9,0.2,0.507,0.345,0.836,14.0,0.217,1992
12,13,Isiah Thomas,29,DET,0.0,11.0,960,0.011,48,34.5,16.2,3.3,9.3,1.6,0.2,0.435,0.292,0.782,3.4,0.098,1992
13,14,Robert Parish,37,BOS,0.0,10.0,960,0.01,81,30.1,14.9,10.6,0.8,0.8,1.3,0.598,0.0,0.767,10.0,0.198,1992
14,15,Joe Dumars,27,DET,0.0,8.0,960,0.008,80,38.1,20.4,2.3,5.5,1.1,0.1,0.481,0.311,0.89,9.9,0.155,1992
15,16,Bernard King,34,WSB,0.0,7.0,960,0.007,64,37.5,28.4,5.0,4.6,0.9,0.3,0.472,0.216,0.79,3.5,0.07,1992
16,17,Kenny Smith,25,HOU,0.0,5.0,960,0.005,78,34.6,17.7,2.1,7.1,1.4,0.1,0.52,0.363,0.844,9.0,0.161,1992
17,18,Hakeem Olajuwon,28,HOU,0.0,4.0,960,0.004,56,36.8,21.2,13.8,2.3,2.2,3.9,0.508,0.0,0.769,8.6,0.201,1992
18,19T,Tim Hardaway,24,GSW,0.0,1.0,960,0.001,82,39.2,22.9,4.0,9.7,2.6,0.1,0.476,0.385,0.803,9.9,0.148,1992
19,19T,Kevin McHale,33,BOS,0.0,1.0,960,0.001,68,30.4,18.4,7.1,1.9,0.4,2.1,0.553,0.405,0.829,7.9,0.182,1992
0,1,Michael Jordan,27,CHI,77.0,891.0,960,0.928,82,37.0,31.5,6.0,5.5,2.7,1.0,0.539,0.312,0.851,20.3,0.321,1993
1,2,Magic Johnson,31,LAL,10.0,497.0,960,0.518,79,37.1,19.4,7.0,12.5,1.3,0.2,0.477,0.32,0.906,15.4,0.251,1993
2,3,David Robinson,25,SAS,6.0,476.0,960,0.496,82,37.7,25.6,13.0,2.5,1.5,3.9,0.552,0.143,0.762,17.0,0.264,1993
3,4,Charles Barkley,27,PHI,2.0,222.0,960,0.231,67,37.3,27.6,10.1,4.2,1.6,0.5,0.57,0.284,0.722,13.4,0.258,1993
4,5,Karl Malone,27,UTA,0.0,142.0,960,0.148,82,40.3,29.0,11.8,3.3,1.1,1.0,0.527,0.286,0.77,15.5,0.225,1993
5,6,Clyde Drexler,28,POR,1.0,75.0,960,0.078,82,34.8,21.5,6.7,6.0,1.8,0.7,0.482,0.319,0.794,12.4,0.209,1993
6,7,Kevin Johnson,24,PHO,0.0,32.0,960,0.033,77,36.0,22.2,3.5,10.1,2.1,0.1,0.516,0.205,0.843,12.7,0.22,1993
7,8,Dominique Wilkins,31,ATL,0.0,29.0,960,0.03,81,38.0,25.9,9.0,3.3,1.5,0.8,0.47,0.341,0.829,11.4,0.177,1993
8,9T,Larry Bird,34,BOS,0.0,25.0,960,0.026,60,38.0,19.4,8.5,7.2,1.8,1.0,0.454,0.389,0.891,6.6,0.14,1993
9,9T,Terry Porter,27,POR,0.0,25.0,960,0.026,81,32.9,17.0,3.5,8.0,2.0,0.1,0.515,0.415,0.823,13.0,0.235,1993
10,11,Patrick Ewing,28,NYK,0.0,20.0,960,0.021,81,38.3,26.6,11.2,3.0,1.0,3.2,0.514,0.0,0.745,10.0,0.155,1993
11,12,John Stockton,28,UTA,0.0,15.0,960,0.016,82,37.8,17.2,2.9,14.2,2.9,0.2,0.507,0.345,0.836,14.0,0.217,1993
12,13,Isiah Thomas,29,DET,0.0,11.0,960,0.011,48,34.5,16.2,3.3,9.3,1.6,0.2,0.435,0.292,0.782,3.4,0.098,1993
13,14,Robert Parish,37,BOS,0.0,10.0,960,0.01,81,30.1,14.9,10.6,0.8,0.8,1.3,0.598,0.0,0.767,10.0,0.198,1993
14,15,Joe Dumars,27,DET,0.0,8.0,960,0.008,80,38.1,20.4,2.3,5.5,1.1,0.1,0.481,0.311,0.89,9.9,0.155,1993
15,16,Bernard King,34,WSB,0.0,7.0,960,0.007,64,37.5,28.4,5.0,4.6,0.9,0.3,0.472,0.216,0.79,3.5,0.07,1993
16,17,Kenny Smith,25,HOU,0.0,5.0,960,0.005,78,34.6,17.7,2.1,7.1,1.4,0.1,0.52,0.363,0.844,9.0,0.161,1993
17,18,Hakeem Olajuwon,28,HOU,0.0,4.0,960,0.004,56,36.8,21.2,13.8,2.3,2.2,3.9,0.508,0.0,0.769,8.6,0.201,1993
18,19T,Tim Hardaway,24,GSW,0.0,1.0,960,0.001,82,39.2,22.9,4.0,9.7,2.6,0.1,0.476,0.385,0.803,9.9,0.148,1993
19,19T,Kevin McHale,33,BOS,0.0,1.0,960,0.001,68,30.4,18.4,7.1,1.9,0.4,2.1,0.553,0.405,0.829,7.9,0.182,1993
0,1,Michael Jordan,27,CHI,77.0,891.0,960,0.928,82,37.0,31.5,6.0,5.5,2.7,1.0,0.539,0.312,0.851,20.3,0.321,1994
1,2,Magic Johnson,31,LAL,10.0,497.0,960,0.518,79,37.1,19.4,7.0,12.5,1.3,0.2,0.477,0.32,0.906,15.4,0.251,1994
2,3,David Robinson,25,SAS,6.0,476.0,960,0.496,82,37.7,25.6,13.0,2.5,1.5,3.9,0.552,0.143,0.762,17.0,0.264,1994
3,4,Charles Barkley,27,PHI,2.0,222.0,960,0.231,67,37.3,27.6,10.1,4.2,1.6,0.5,0.57,0.284,0.722,13.4,0.258,1994
4,5,Karl Malone,27,UTA,0.0,142.0,960,0.148,82,40.3,29.0,11.8,3.3,1.1,1.0,0.527,0.286,0.77,15.5,0.225,1994
5,6,Clyde Drexler,28,POR,1.0,75.0,960,0.078,82,34.8,21.5,6.7,6.0,1.8,0.7,0.482,0.319,0.794,12.4,0.209,1994
6,7,Kevin Johnson,24,PHO,0.0,32.0,960,0.033,77,36.0,22.2,3.5,10.1,2.1,0.1,0.516,0.205,0.843,12.7,0.22,1994
7,8,Dominique Wilkins,31,ATL,0.0,29.0,960,0.03,81,38.0,25.9,9.0,3.3,1.5,0.8,0.47,0.341,0.829,11.4,0.177,1994
8,9T,Larry Bird,34,BOS,0.0,25.0,960,0.026,60,38.0,19.4,8.5,7.2,1.8,1.0,0.454,0.389,0.891,6.6,0.14,1994
9,9T,Terry Porter,27,POR,0.0,25.0,960,0.026,81,32.9,17.0,3.5,8.0,2.0,0.1,0.515,0.415,0.823,13.0,0.235,1994
10,11,Patrick Ewing,28,NYK,0.0,20.0,960,0.021,81,38.3,26.6,11.2,3.0,1.0,3.2,0.514,0.0,0.745,10.0,0.155,1994
11,12,John Stockton,28,UTA,0.0,15.0,960,0.016,82,37.8,17.2,2.9,14.2,2.9,0.2,0.507,0.345,0.836,14.0,0.217,1994
12,13,Isiah Thomas,29,DET,0.0,11.0,960,0.011,48,34.5,16.2,3.3,9.3,1.6,0.2,0.435,0.292,0.782,3.4,0.098,1994
13,14,Robert Parish,37,BOS,0.0,10.0,960,0.01,81,30.1,14.9,10.6,0.8,0.8,1.3,0.598,0.0,0.767,10.0,0.198,1994
14,15,Joe Dumars,27,DET,0.0,8.0,960,0.008,80,38.1,20.4,2.3,5.5,1.1,0.1,0.481,0.311,0.89,9.9,0.155,1994
15,16,Bernard King,34,WSB,0.0,7.0,960,0.007,64,37.5,28.4,5.0,4.6,0.9,0.3,0.472,0.216,0.79,3.5,0.07,1994
16,17,Kenny Smith,25,HOU,0.0,5.0,960,0.005,78,34.6,17.7,2.1,7.1,1.4,0.1,0.52,0.363,0.844,9.0,0.161,1994
17,18,Hakeem Olajuwon,28,HOU,0.0,4.0,960,0.004,56,36.8,21.2,13.8,2.3,2.2,3.9,0.508,0.0,0.769,8.6,0.201,1994
18,19T,Tim Hardaway,24,GSW,0.0,1.0,960,0.001,82,39.2,22.9,4.0,9.7,2.6,0.1,0.476,0.385,0.803,9.9,0.148,1994
19,19T,Kevin McHale,33,BOS,0.0,1.0,960,0.001,68,30.4,18.4,7.1,1.9,0.4,2.1,0.553,0.405,0.829,7.9,0.182,1994
0,1,Michael Jordan,27,CHI,77.0,891.0,960,0.928,82,37.0,31.5,6.0,5.5,2.7,1.0,0.539,0.312,0.851,20.3,0.321,1995
1,2,Magic Johnson,31,LAL,10.0,497.0,960,0.518,79,37.1,19.4,7.0,12.5,1.3,0.2,0.477,0.32,0.906,15.4,0.251,1995
2,3,David Robinson,25,SAS,6.0,476.0,960,0.496,82,37.7,25.6,13.0,2.5,1.5,3.9,0.552,0.143,0.762,17.0,0.264,1995
3,4,Charles Barkley,27,PHI,2.0,222.0,960,0.231,67,37.3,27.6,10.1,4.2,1.6,0.5,0.57,0.284,0.722,13.4,0.258,1995
4,5,Karl Malone,27,UTA,0.0,142.0,960,0.148,82,40.3,29.0,11.8,3.3,1.1,1.0,0.527,0.286,0.77,15.5,0.225,1995
5,6,Clyde Drexler,28,POR,1.0,75.0,960,0.078,82,34.8,21.5,6.7,6.0,1.8,0.7,0.482,0.319,0.794,12.4,0.209,1995
6,7,Kevin Johnson,24,PHO,0.0,32.0,960,0.033,77,36.0,22.2,3.5,10.1,2.1,0.1,0.516,0.205,0.843,12.7,0.22,1995
7,8,Dominique Wilkins,31,ATL,0.0,29.0,960,0.03,81,38.0,25.9,9.0,3.3,1.5,0.8,0.47,0.341,0.829,11.4,0.177,1995
8,9T,Larry Bird,34,BOS,0.0,25.0,960,0.026,60,38.0,19.4,8.5,7.2,1.8,1.0,0.454,0.389,0.891,6.6,0.14,1995
9,9T,Terry Porter,27,POR,0.0,25.0,960,0.026,81,32.9,17.0,3.5,8.0,2.0,0.1,0.515,0.415,0.823,13.0,0.235,1995
10,11,Patrick Ewing,28,NYK,0.0,20.0,960,0.021,81,38.3,26.6,11.2,3.0,1.0,3.2,0.514,0.0,0.745,10.0,0.155,1995
11,12,John Stockton,28,UTA,0.0,15.0,960,0.016,82,37.8,17.2,2.9,14.2,2.9,0.2,0.507,0.345,0.836,14.0,0.217,1995
12,13,Isiah Thomas,29,DET,0.0,11.0,960,0.011,48,34.5,16.2,3.3,9.3,1.6,0.2,0.435,0.292,0.782,3.4,0.098,1995
13,14,Robert Parish,37,BOS,0.0,10.0,960,0.01,81,30.1,14.9,10.6,0.8,0.8,1.3,0.598,0.0,0.767,10.0,0.198,1995
14,15,Joe Dumars,27,DET,0.0,8.0,960,0.008,80,38.1,20.4,2.3,5.5,1.1,0.1,0.481,0.311,0.89,9.9,0.155,1995
15,16,Bernard King,34,WSB,0.0,7.0,960,0.007,64,37.5,28.4,5.0,4.6,0.9,0.3,0.472,0.216,0.79,3.5,0.07,1995
16,17,Kenny Smith,25,HOU,0.0,5.0,960,0.005,78,34.6,17.7,2.1,7.1,1.4,0.1,0.52,0.363,0.844,9.0,0.161,1995
17,18,Hakeem Olajuwon,28,HOU,0.0,4.0,960,0.004,56,36.8,21.2,13.8,2.3,2.2,3.9,0.508,0.0,0.769,8.6,0.201,1995
18,19T,Tim Hardaway,24,GSW,0.0,1.0,960,0.001,82,39.2,22.9,4.0,9.7,2.6,0.1,0.476,0.385,0.803,9.9,0.148,1995
19,19T,Kevin McHale,33,BOS,0.0,1.0,960,0.001,68,30.4,18.4,7.1,1.9,0.4,2.1,0.553,0.405,0.829,7.9,0.182,1995
0,1,Michael Jordan,27,CHI,77.0,891.0,960,0.928,82,37.0,31.5,6.0,5.5,2.7,1.0,0.539,0.312,0.851,20.3,0.321,1996
1,2,Magic Johnson,31,LAL,10.0,497.0,960,0.518,79,37.1,19.4,7.0,12.5,1.3,0.2,0.477,0.32,0.906,15.4,0.251,1996
2,3,David Robinson,25,SAS,6.0,476.0,960,0.496,82,37.7,25.6,13.0,2.5,1.5,3.9,0.552,0.143,0.762,17.0,0.264,1996
3,4,Charles Barkley,27,PHI,2.0,222.0,960,0.231,67,37.3,27.6,10.1,4.2,1.6,0.5,0.57,0.284,0.722,13.4,0.258,1996
4,5,Karl Malone,27,UTA,0.0,142.0,960,0.148,82,40.3,29.0,11.8,3.3,1.1,1.0,0.527,0.286,0.77,15.5,0.225,1996
5,6,Clyde Drexler,28,POR,1.0,75.0,960,0.078,82,34.8,21.5,6.7,6.0,1.8,0.7,0.482,0.319,0.794,12.4,0.209,1996
6,7,Kevin Johnson,24,PHO,0.0,32.0,960,0.033,77,36.0,22.2,3.5,10.1,2.1,0.1,0.516,0.205,0.843,12.7,0.22,1996
7,8,Dominique Wilkins,31,ATL,0.0,29.0,960,0.03,81,38.0,25.9,9.0,3.3,1.5,0.8,0.47,0.341,0.829,11.4,0.177,1996
8,9T,Larry Bird,34,BOS,0.0,25.0,960,0.026,60,38.0,19.4,8.5,7.2,1.8,1.0,0.454,0.389,0.891,6.6,0.14,1996
9,9T,Terry Porter,27,POR,0.0,25.0,960,0.026,81,32.9,17.0,3.5,8.0,2.0,0.1,0.515,0.415,0.823,13.0,0.235,1996
10,11,Patrick Ewing,28,NYK,0.0,20.0,960,0.021,81,38.3,26.6,11.2,3.0,1.0,3.2,0.514,0.0,0.745,10.0,0.155,1996
11,12,John Stockton,28,UTA,0.0,15.0,960,0.016,82,37.8,17.2,2.9,14.2,2.9,0.2,0.507,0.345,0.836,14.0,0.217,1996
12,13,Isiah Thomas,29,DET,0.0,11.0,960,0.011,48,34.5,16.2,3.3,9.3,1.6,0.2,0.435,0.292,0.782,3.4,0.098,1996
13,14,Robert Parish,37,BOS,0.0,10.0,960,0.01,81,30.1,14.9,10.6,0.8,0.8,1.3,0.598,0.0,0.767,10.0,0.198,1996
14,15,Joe Dumars,27,DET,0.0,8.0,960,0.008,80,38.1,20.4,2.3,5.5,1.1,0.1,0.481,0.311,0.89,9.9,0.155,1996
15,16,Bernard King,34,WSB,0.0,7.0,960,0.007,64,37.5,28.4,5.0,4.6,0.9,0.3,0.472,0.216,0.79,3.5,0.07,1996
16,17,Kenny Smith,25,HOU,0.0,5.0,960,0.005,78,34.6,17.7,2.1,7.1,1.4,0.1,0.52,0.363,0.844,9.0,0.161,1996
17,18,Hakeem Olajuwon,28,HOU,0.0,4.0,960,0.004,56,36.8,21.2,13.8,2.3,2.2,3.9,0.508,0.0,0.769,8.6,0.201,1996
18,19T,Tim Hardaway,24,GSW,0.0,1.0,960,0.001,82,39.2,22.9,4.0,9.7,2.6,0.1,0.476,0.385,0.803,9.9,0.148,1996
19,19T,Kevin McHale,33,BOS,0.0,1.0,960,0.001,68,30.4,18.4,7.1,1.9,0.4,2.1,0.553,0.405,0.829,7.9,0.182,1996
0,1,Michael Jordan,27,CHI,77.0,891.0,960,0.928,82,37.0,31.5,6.0,5.5,2.7,1.0,0.539,0.312,0.851,20.3,0.321,1997
1,2,Magic Johnson,31,LAL,10.0,497.0,960,0.518,79,37.1,19.4,7.0,12.5,1.3,0.2,0.477,0.32,0.906,15.4,0.251,1997
2,3,David Robinson,25,SAS,6.0,476.0,960,0.496,82,37.7,25.6,13.0,2.5,1.5,3.9,0.552,0.143,0.762,17.0,0.264,1997
3,4,Charles Barkley,27,PHI,2.0,222.0,960,0.231,67,37.3,27.6,10.1,4.2,1.6,0.5,0.57,0.284,0.722,13.4,0.258,1997
4,5,Karl Malone,27,UTA,0.0,142.0,960,0.148,82,40.3,29.0,11.8,3.3,1.1,1.0,0.527,0.286,0.77,15.5,0.225,1997
5,6,Clyde Drexler,28,POR,1.0,75.0,960,0.078,82,34.8,21.5,6.7,6.0,1.8,0.7,0.482,0.319,0.794,12.4,0.209,1997
6,7,Kevin Johnson,24,PHO,0.0,32.0,960,0.033,77,36.0,22.2,3.5,10.1,2.1,0.1,0.516,0.205,0.843,12.7,0.22,1997
7,8,Dominique Wilkins,31,ATL,0.0,29.0,960,0.03,81,38.0,25.9,9.0,3.3,1.5,0.8,0.47,0.341,0.829,11.4,0.177,1997
8,9T,Larry Bird,34,BOS,0.0,25.0,960,0.026,60,38.0,19.4,8.5,7.2,1.8,1.0,0.454,0.389,0.891,6.6,0.14,1997
9,9T,Terry Porter,27,POR,0.0,25.0,960,0.026,81,32.9,17.0,3.5,8.0,2.0,0.1,0.515,0.415,0.823,13.0,0.235,1997
10,11,Patrick Ewing,28,NYK,0.0,20.0,960,0.021,81,38.3,26.6,11.2,3.0,1.0,3.2,0.514,0.0,0.745,10.0,0.155,1997
11,12,John Stockton,28,UTA,0.0,15.0,960,0.016,82,37.8,17.2,2.9,14.2,2.9,0.2,0.507,0.345,0.836,14.0,0.217,1997
12,13,Isiah Thomas,29,DET,0.0,11.0,960,0.011,48,34.5,16.2,3.3,9.3,1.6,0.2,0.435,0.292,0.782,3.4,0.098,1997
13,14,Robert Parish,37,BOS,0.0,10.0,960,0.01,81,30.1,14.9,10.6,0.8,0.8,1.3,0.598,0.0,0.767,10.0,0.198,1997
14,15,Joe Dumars,27,DET,0.0,8.0,960,0.008,80,38.1,20.4,2.3,5.5,1.1,0.1,0.481,0.311,0.89,9.9,0.155,1997
15,16,Bernard King,34,WSB,0.0,7.0,960,0.007,64,37.5,28.4,5.0,4.6,0.9,0.3,0.472,0.216,0.79,3.5,0.07,1997
16,17,Kenny Smith,25,HOU,0.0,5.0,960,0.005,78,34.6,17.7,2.1,7.1,1.4,0.1,0.52,0.363,0.844,9.0,0.161,1997
17,18,Hakeem Olajuwon,28,HOU,0.0,4.0,960,0.004,56,36.8,21.2,13.8,2.3,2.2,3.9,0.508,0.0,0.769,8.6,0.201,1997
18,19T,Tim Hardaway,24,GSW,0.0,1.0,960,0.001,82,39.2,22.9,4.0,9.7,2.6,0.1,0.476,0.385,0.803,9.9,0.148,1997
19,19T,Kevin McHale,33,BOS,0.0,1.0,960,0.001,68,30.4,18.4,7.1,1.9,0.4,2.1,0.553,0.405,0.829,7.9,0.182,1997
0,1,Michael Jordan,27,CHI,77.0,891.0,960,0.928,82,37.0,31.5,6.0,5.5,2.7,1.0,0.539,0.312,0.851,20.3,0.321,1998
1,2,Magic Johnson,31,LAL,10.0,497.0,960,0.518,79,37.1,19.4,7.0,12.5,1.3,0.2,0.477,0.32,0.906,15.4,0.251,1998
2,3,David Robinson,25,SAS,6.0,476.0,960,0.496,82,37.7,25.6,13.0,2.5,1.5,3.9,0.552,0.143,0.762,17.0,0.264,1998
3,4,Charles Barkley,27,PHI,2.0,222.0,960,0.231,67,37.3,27.6,10.1,4.2,1.6,0.5,0.57,0.284,0.722,13.4,0.258,1998
4,5,Karl Malone,27,UTA,0.0,142.0,960,0.148,82,40.3,29.0,11.8,3.3,1.1,1.0,0.527,0.286,0.77,15.5,0.225,1998
5,6,Clyde Drexler,28,POR,1.0,75.0,960,0.078,82,34.8,21.5,6.7,6.0,1.8,0.7,0.482,0.319,0.794,12.4,0.209,1998
6,7,Kevin Johnson,24,PHO,0.0,32.0,960,0.033,77,36.0,22.2,3.5,10.1,2.1,0.1,0.516,0.205,0.843,12.7,0.22,1998
7,8,Dominique Wilkins,31,ATL,0.0,29.0,960,0.03,81,38.0,25.9,9.0,3.3,1.5,0.8,0.47,0.341,0.829,11.4,0.177,1998
8,9T,Larry Bird,34,BOS,0.0,25.0,960,0.026,60,38.0,19.4,8.5,7.2,1.8,1.0,0.454,0.389,0.891,6.6,0.14,1998
9,9T,Terry Porter,27,POR,0.0,25.0,960,0.026,81,32.9,17.0,3.5,8.0,2.0,0.1,0.515,0.415,0.823,13.0,0.235,1998
10,11,Patrick Ewing,28,NYK,0.0,20.0,960,0.021,81,38.3,26.6,11.2,3.0,1.0,3.2,0.514,0.0,0.745,10.0,0.155,1998
11,12,John Stockton,28,UTA,0.0,15.0,960,0.016,82,37.8,17.2,2.9,14.2,2.9,0.2,0.507,0.345,0.836,14.0,0.217,1998
12,13,Isiah Thomas,29,DET,0.0,11.0,960,0.011,48,34.5,16.2,3.3,9.3,1.6,0.2,0.435,0.292,0.782,3.4,0.098,1998
13,14,Robert Parish,37,BOS,0.0,10.0,960,0.01,81,30.1,14.9,10.6,0.8,0.8,1.3,0.598,0.0,0.767,10.0,0.198,1998
14,15,Joe Dumars,27,DET,0.0,8.0,960,0.008,80,38.1,20.4,2.3,5.5,1.1,0.1,0.481,0.311,0.89,9.9,0.155,1998
15,16,Bernard King,34,WSB,0.0,7.0,960,0.007,64,37.5,28.4,5.0,4.6,0.9,0.3,0.472,0.216,0.79,3.5,0.07,1998
16,17,Kenny Smith,25,HOU,0.0,5.0,960,0.005,78,34.6,17.7,2.1,7.1,1.4,0.1,0.52,0.363,0.844,9.0,0.161,1998
17,18,Hakeem Olajuwon,28,HOU,0.0,4.0,960,0.004,56,36.8,21.2,13.8,2.3,2.2,3.9,0.508,0.0,0.769,8.6,0.201,1998
18,19T,Tim Hardaway,24,GSW,0.0,1.0,960,0.001,82,39.2,22.9,4.0,9.7,2.6,0.1,0.476,0.385,0.803,9.9,0.148,1998
19,19T,Kevin McHale,33,BOS,0.0,1.0,960,0.001,68,30.4,18.4,7.1,1.9,0.4,2.1,0.553,0.405,0.829,7.9,0.182,1998
0,1,Michael Jordan,27,CHI,77.0,891.0,960,0.928,82,37.0,31.5,6.0,5.5,2.7,1.0,0.539,0.312,0.851,20.3,0.321,1999
1,2,Magic Johnson,31,LAL,10.0,497.0,960,0.518,79,37.1,19.4,7.0,12.5,1.3,0.2,0.477,0.32,0.906,15.4,0.251,1999
2,3,David Robinson,25,SAS,6.0,476.0,960,0.496,82,37.7,25.6,13.0,2.5,1.5,3.9,0.552,0.143,0.762,17.0,0.264,1999
3,4,Charles Barkley,27,PHI,2.0,222.0,960,0.231,67,37.3,27.6,10.1,4.2,1.6,0.5,0.57,0.284,0.722,13.4,0.258,1999
4,5,Karl Malone,27,UTA,0.0,142.0,960,0.148,82,40.3,29.0,11.8,3.3,1.1,1.0,0.527,0.286,0.77,15.5,0.225,1999
5,6,Clyde Drexler,28,POR,1.0,75.0,960,0.078,82,34.8,21.5,6.7,6.0,1.8,0.7,0.482,0.319,0.794,12.4,0.209,1999
6,7,Kevin Johnson,24,PHO,0.0,32.0,960,0.033,77,36.0,22.2,3.5,10.1,2.1,0.1,0.516,0.205,0.843,12.7,0.22,1999
7,8,Dominique Wilkins,31,ATL,0.0,29.0,960,0.03,81,38.0,25.9,9.0,3.3,1.5,0.8,0.47,0.341,0.829,11.4,0.177,1999
8,9T,Larry Bird,34,BOS,0.0,25.0,960,0.026,60,38.0,19.4,8.5,7.2,1.8,1.0,0.454,0.389,0.891,6.6,0.14,1999
9,9T,Terry Porter,27,POR,0.0,25.0,960,0.026,81,32.9,17.0,3.5,8.0,2.0,0.1,0.515,0.415,0.823,13.0,0.235,1999
10,11,Patrick Ewing,28,NYK,0.0,20.0,960,0.021,81,38.3,26.6,11.2,3.0,1.0,3.2,0.514,0.0,0.745,10.0,0.155,1999
11,12,John Stockton,28,UTA,0.0,15.0,960,0.016,82,37.8,17.2,2.9,14.2,2.9,0.2,0.507,0.345,0.836,14.0,0.217,1999
12,13,Isiah Thomas,29,DET,0.0,11.0,960,0.011,48,34.5,16.2,3.3,9.3,1.6,0.2,0.435,0.292,0.782,3.4,0.098,1999
13,14,Robert Parish,37,BOS,0.0,10.0,960,0.01,81,30.1,14.9,10.6,0.8,0.8,1.3,0.598,0.0,0.767,10.0,0.198,1999
14,15,Joe Dumars,27,DET,0.0,8.0,960,0.008,80,38.1,20.4,2.3,5.5,1.1,0.1,0.481,0.311,0.89,9.9,0.155,1999
15,16,Bernard King,34,WSB,0.0,7.0,960,0.007,64,37.5,28.4,5.0,4.6,0.9,0.3,0.472,0.216,0.79,3.5,0.07,1999
16,17,Kenny Smith,25,HOU,0.0,5.0,960,0.005,78,34.6,17.7,2.1,7.1,1.4,0.1,0.52,0.363,0.844,9.0,0.161,1999
17,18,Hakeem Olajuwon,28,HOU,0.0,4.0,960,0.004,56,36.8,21.2,13.8,2.3,2.2,3.9,0.508,0.0,0.769,8.6,0.201,1999
18,19T,Tim Hardaway,24,GSW,0.0,1.0,960,0.001,82,39.2,22.9,4.0,9.7,2.6,0.1,0.476,0.385,0.803,9.9,0.148,1999
19,19T,Kevin McHale,33,BOS,0.0,1.0,960,0.001,68,30.4,18.4,7.1,1.9,0.4,2.1,0.553,0.405,0.829,7.9,0.182,1999
0,1,Michael Jordan,27,CHI,77.0,891.0,960,0.928,82,37.0,31.5,6.0,5.5,2.7,1.0,0.539,0.312,0.851,20.3,0.321,2000
1,2,Magic Johnson,31,LAL,10.0,497.0,960,0.518,79,37.1,19.4,7.0,12.5,1.3,0.2,0.477,0.32,0.906,15.4,0.251,2000
2,3,David Robinson,25,SAS,6.0,476.0,960,0.496,82,37.7,25.6,13.0,2.5,1.5,3.9,0.552,0.143,0.762,17.0,0.264,2000
3,4,Charles Barkley,27,PHI,2.0,222.0,960,0.231,67,37.3,27.6,10.1,4.2,1.6,0.5,0.57,0.284,0.722,13.4,0.258,2000
4,5,Karl Malone,27,UTA,0.0,142.0,960,0.148,82,40.3,29.0,11.8,3.3,1.1,1.0,0.527,0.286,0.77,15.5,0.225,2000
5,6,Clyde Drexler,28,POR,1.0,75.0,960,0.078,82,34.8,21.5,6.7,6.0,1.8,0.7,0.482,0.319,0.794,12.4,0.209,2000
6,7,Kevin Johnson,24,PHO,0.0,32.0,960,0.033,77,36.0,22.2,3.5,10.1,2.1,0.1,0.516,0.205,0.843,12.7,0.22,2000
7,8,Dominique Wilkins,31,ATL,0.0,29.0,960,0.03,81,38.0,25.9,9.0,3.3,1.5,0.8,0.47,0.341,0.829,11.4,0.177,2000
8,9T,Larry Bird,34,BOS,0.0,25.0,960,0.026,60,38.0,19.4,8.5,7.2,1.8,1.0,0.454,0.389,0.891,6.6,0.14,2000
9,9T,Terry Porter,27,POR,0.0,25.0,960,0.026,81,32.9,17.0,3.5,8.0,2.0,0.1,0.515,0.415,0.823,13.0,0.235,2000
10,11,Patrick Ewing,28,NYK,0.0,20.0,960,0.021,81,38.3,26.6,11.2,3.0,1.0,3.2,0.514,0.0,0.745,10.0,0.155,2000
11,12,John Stockton,28,UTA,0.0,15.0,960,0.016,82,37.8,17.2,2.9,14.2,2.9,0.2,0.507,0.345,0.836,14.0,0.217,2000
12,13,Isiah Thomas,29,DET,0.0,11.0,960,0.011,48,34.5,16.2,3.3,9.3,1.6,0.2,0.435,0.292,0.782,3.4,0.098,2000
13,14,Robert Parish,37,BOS,0.0,10.0,960,0.01,81,30.1,14.9,10.6,0.8,0.8,1.3,0.598,0.0,0.767,10.0,0.198,2000
14,15,Joe Dumars,27,DET,0.0,8.0,960,0.008,80,38.1,20.4,2.3,5.5,1.1,0.1,0.481,0.311,0.89,9.9,0.155,2000
15,16,Bernard King,34,WSB,0.0,7.0,960,0.007,64,37.5,28.4,5.0,4.6,0.9,0.3,0.472,0.216,0.79,3.5,0.07,2000
16,17,Kenny Smith,25,HOU,0.0,5.0,960,0.005,78,34.6,17.7,2.1,7.1,1.4,0.1,0.52,0.363,0.844,9.0,0.161,2000
17,18,Hakeem Olajuwon,28,HOU,0.0,4.0,960,0.004,56,36.8,21.2,13.8,2.3,2.2,3.9,0.508,0.0,0.769,8.6,0.201,2000
18,19T,Tim Hardaway,24,GSW,0.0,1.0,960,0.001,82,39.2,22.9,4.0,9.7,2.6,0.1,0.476,0.385,0.803,9.9,0.148,2000
19,19T,Kevin McHale,33,BOS,0.0,1.0,960,0.001,68,30.4,18.4,7.1,1.9,0.4,2.1,0.553,0.405,0.829,7.9,0.182,2000
0,1,Michael Jordan,27,CHI,77.0,891.0,960,0.928,82,37.0,31.5,6.0,5.5,2.7,1.0,0.539,0.312,0.851,20.3,0.321,2001
1,2,Magic Johnson,31,LAL,10.0,497.0,960,0.518,79,37.1,19.4,7.0,12.5,1.3,0.2,0.477,0.32,0.906,15.4,0.251,2001
2,3,David Robinson,25,SAS,6.0,476.0,960,0.496,82,37.7,25.6,13.0,2.5,1.5,3.9,0.552,0.143,0.762,17.0,0.264,2001
3,4,Charles Barkley,27,PHI,2.0,222.0,960,0.231,67,37.3,27.6,10.1,4.2,1.6,0.5,0.57,0.284,0.722,13.4,0.258,2001
4,5,Karl Malone,27,UTA,0.0,142.0,960,0.148,82,40.3,29.0,11.8,3.3,1.1,1.0,0.527,0.286,0.77,15.5,0.225,2001
5,6,Clyde Drexler,28,POR,1.0,75.0,960,0.078,82,34.8,21.5,6.7,6.0,1.8,0.7,0.482,0.319,0.794,12.4,0.209,2001
6,7,Kevin Johnson,24,PHO,0.0,32.0,960,0.033,77,36.0,22.2,3.5,10.1,2.1,0.1,0.516,0.205,0.843,12.7,0.22,2001
7,8,Dominique Wilkins,31,ATL,0.0,29.0,960,0.03,81,38.0,25.9,9.0,3.3,1.5,0.8,0.47,0.341,0.829,11.4,0.177,2001
8,9T,Larry Bird,34,BOS,0.0,25.0,960,0.026,60,38.0,19.4,8.5,7.2,1.8,1.0,0.454,0.389,0.891,6.6,0.14,2001
9,9T,Terry Porter,27,POR,0.0,25.0,960,0.026,81,32.9,17.0,3.5,8.0,2.0,0.1,0.515,0.415,0.823,13.0,0.235,2001
10,11,Patrick Ewing,28,NYK,0.0,20.0,960,0.021,81,38.3,26.6,11.2,3.0,1.0,3.2,0.514,0.0,0.745,10.0,0.155,2001
11,12,John Stockton,28,UTA,0.0,15.0,960,0.016,82,37.8,17.2,2.9,14.2,2.9,0.2,0.507,0.345,0.836,14.0,0.217,2001
12,13,Isiah Thomas,29,DET,0.0,11.0,960,0.011,48,34.5,16.2,3.3,9.3,1.6,0.2,0.435,0.292,0.782,3.4,0.098,2001
13,14,Robert Parish,37,BOS,0.0,10.0,960,0.01,81,30.1,14.9,10.6,0.8,0.8,1.3,0.598,0.0,0.767,10.0,0.198,2001
14,15,Joe Dumars,27,DET,0.0,8.0,960,0.008,80,38.1,20.4,2.3,5.5,1.1,0.1,0.481,0.311,0.89,9.9,0.155,2001
15,16,Bernard King,34,WSB,0.0,7.0,960,0.007,64,37.5,28.4,5.0,4.6,0.9,0.3,0.472,0.216,0.79,3.5,0.07,2001
16,17,Kenny Smith,25,HOU,0.0,5.0,960,0.005,78,34.6,17.7,2.1,7.1,1.4,0.1,0.52,0.363,0.844,9.0,0.161,2001
17,18,Hakeem Olajuwon,28,HOU,0.0,4.0,960,0.004,56,36.8,21.2,13.8,2.3,2.2,3.9,0.508,0.0,0.769,8.6,0.201,2001
18,19T,Tim Hardaway,24,GSW,0.0,1.0,960,0.001,82,39.2,22.9,4.0,9.7,2.6,0.1,0.476,0.385,0.803,9.9,0.148,2001
19,19T,Kevin McHale,33,BOS,0.0,1.0,960,0.001,68,30.4,18.4,7.1,1.9,0.4,2.1,0.553,0.405,0.829,7.9,0.182,2001
0,1,Michael Jordan,27,CHI,77.0,891.0,960,0.928,82,37.0,31.5,6.0,5.5,2.7,1.0,0.539,0.312,0.851,20.3,0.321,2002
1,2,Magic Johnson,31,LAL,10.0,497.0,960,0.518,79,37.1,19.4,7.0,12.5,1.3,0.2,0.477,0.32,0.906,15.4,0.251,2002
2,3,David Robinson,25,SAS,6.0,476.0,960,0.496,82,37.7,25.6,13.0,2.5,1.5,3.9,0.552,0.143,0.762,17.0,0.264,2002
3,4,Charles Barkley,27,PHI,2.0,222.0,960,0.231,67,37.3,27.6,10.1,4.2,1.6,0.5,0.57,0.284,0.722,13.4,0.258,2002
4,5,Karl Malone,27,UTA,0.0,142.0,960,0.148,82,40.3,29.0,11.8,3.3,1.1,1.0,0.527,0.286,0.77,15.5,0.225,2002
5,6,Clyde Drexler,28,POR,1.0,75.0,960,0.078,82,34.8,21.5,6.7,6.0,1.8,0.7,0.482,0.319,0.794,12.4,0.209,2002
6,7,Kevin Johnson,24,PHO,0.0,32.0,960,0.033,77,36.0,22.2,3.5,10.1,2.1,0.1,0.516,0.205,0.843,12.7,0.22,2002
7,8,Dominique Wilkins,31,ATL,0.0,29.0,960,0.03,81,38.0,25.9,9.0,3.3,1.5,0.8,0.47,0.341,0.829,11.4,0.177,2002
8,9T,Larry Bird,34,BOS,0.0,25.0,960,0.026,60,38.0,19.4,8.5,7.2,1.8,1.0,0.454,0.389,0.891,6.6,0.14,2002
9,9T,Terry Porter,27,POR,0.0,25.0,960,0.026,81,32.9,17.0,3.5,8.0,2.0,0.1,0.515,0.415,0.823,13.0,0.235,2002
10,11,Patrick Ewing,28,NYK,0.0,20.0,960,0.021,81,38.3,26.6,11.2,3.0,1.0,3.2,0.514,0.0,0.745,10.0,0.155,2002
11,12,John Stockton,28,UTA,0.0,15.0,960,0.016,82,37.8,17.2,2.9,14.2,2.9,0.2,0.507,0.345,0.836,14.0,0.217,2002
12,13,Isiah Thomas,29,DET,0.0,11.0,960,0.011,48,34.5,16.2,3.3,9.3,1.6,0.2,0.435,0.292,0.782,3.4,0.098,2002
13,14,Robert Parish,37,BOS,0.0,10.0,960,0.01,81,30.1,14.9,10.6,0.8,0.8,1.3,0.598,0.0,0.767,10.0,0.198,2002
14,15,Joe Dumars,27,DET,0.0,8.0,960,0.008,80,38.1,20.4,2.3,5.5,1.1,0.1,0.481,0.311,0.89,9.9,0.155,2002
15,16,Bernard King,34,WSB,0.0,7.0,960,0.007,64,37.5,28.4,5.0,4.6,0.9,0.3,0.472,0.216,0.79,3.5,0.07,2002
16,17,Kenny Smith,25,HOU,0.0,5.0,960,0.005,78,34.6,17.7,2.1,7.1,1.4,0.1,0.52,0.363,0.844,9.0,0.161,2002
17,18,Hakeem Olajuwon,28,HOU,0.0,4.0,960,0.004,56,36.8,21.2,13.8,2.3,2.2,3.9,0.508,0.0,0.769,8.6,0.201,2002
18,19T,Tim Hardaway,24,GSW,0.0,1.0,960,0.001,82,39.2,22.9,4.0,9.7,2.6,0.1,0.476,0.385,0.803,9.9,0.148,2002
19,19T,Kevin McHale,33,BOS,0.0,1.0,960,0.001,68,30.4,18.4,7.1,1.9,0.4,2.1,0.553,0.405,0.829,7.9,0.182,2002
0,1,Michael Jordan,27,CHI,77.0,891.0,960,0.928,82,37.0,31.5,6.0,5.5,2.7,1.0,0.539,0.312,0.851,20.3,0.321,2003
1,2,Magic Johnson,31,LAL,10.0,497.0,960,0.518,79,37.1,19.4,7.0,12.5,1.3,0.2,0.477,0.32,0.906,15.4,0.251,2003
2,3,David Robinson,25,SAS,6.0,476.0,960,0.496,82,37.7,25.6,13.0,2.5,1.5,3.9,0.552,0.143,0.762,17.0,0.264,2003
3,4,Charles Barkley,27,PHI,2.0,222.0,960,0.231,67,37.3,27.6,10.1,4.2,1.6,0.5,0.57,0.284,0.722,13.4,0.258,2003
4,5,Karl Malone,27,UTA,0.0,142.0,960,0.148,82,40.3,29.0,11.8,3.3,1.1,1.0,0.527,0.286,0.77,15.5,0.225,2003
5,6,Clyde Drexler,28,POR,1.0,75.0,960,0.078,82,34.8,21.5,6.7,6.0,1.8,0.7,0.482,0.319,0.794,12.4,0.209,2003
6,7,Kevin Johnson,24,PHO,0.0,32.0,960,0.033,77,36.0,22.2,3.5,10.1,2.1,0.1,0.516,0.205,0.843,12.7,0.22,2003
7,8,Dominique Wilkins,31,ATL,0.0,29.0,960,0.03,81,38.0,25.9,9.0,3.3,1.5,0.8,0.47,0.341,0.829,11.4,0.177,2003
8,9T,Larry Bird,34,BOS,0.0,25.0,960,0.026,60,38.0,19.4,8.5,7.2,1.8,1.0,0.454,0.389,0.891,6.6,0.14,2003
9,9T,Terry Porter,27,POR,0.0,25.0,960,0.026,81,32.9,17.0,3.5,8.0,2.0,0.1,0.515,0.415,0.823,13.0,0.235,2003
10,11,Patrick Ewing,28,NYK,0.0,20.0,960,0.021,81,38.3,26.6,11.2,3.0,1.0,3.2,0.514,0.0,0.745,10.0,0.155,2003
11,12,John Stockton,28,UTA,0.0,15.0,960,0.016,82,37.8,17.2,2.9,14.2,2.9,0.2,0.507,0.345,0.836,14.0,0.217,2003
12,13,Isiah Thomas,29,DET,0.0,11.0,960,0.011,48,34.5,16.2,3.3,9.3,1.6,0.2,0.435,0.292,0.782,3.4,0.098,2003
13,14,Robert Parish,37,BOS,0.0,10.0,960,0.01,81,30.1,14.9,10.6,0.8,0.8,1.3,0.598,0.0,0.767,10.0,0.198,2003
14,15,Joe Dumars,27,DET,0.0,8.0,960,0.008,80,38.1,20.4,2.3,5.5,1.1,0.1,0.481,0.311,0.89,9.9,0.155,2003
15,16,Bernard King,34,WSB,0.0,7.0,960,0.007,64,37.5,28.4,5.0,4.6,0.9,0.3,0.472,0.216,0.79,3.5,0.07,2003
16,17,Kenny Smith,25,HOU,0.0,5.0,960,0.005,78,34.6,17.7,2.1,7.1,1.4,0.1,0.52,0.363,0.844,9.0,0.161,2003
17,18,Hakeem Olajuwon,28,HOU,0.0,4.0,960,0.004,56,36.8,21.2,13.8,2.3,2.2,3.9,0.508,0.0,0.769,8.6,0.201,2003
18,19T,Tim Hardaway,24,GSW,0.0,1.0,960,0.001,82,39.2,22.9,4.0,9.7,2.6,0.1,0.476,0.385,0.803,9.9,0.148,2003
19,19T,Kevin McHale,33,BOS,0.0,1.0,960,0.001,68,30.4,18.4,7.1,1.9,0.4,2.1,0.553,0.405,0.829,7.9,0.182,2003
0,1,Michael Jordan,27,CHI,77.0,891.0,960,0.928,82,37.0,31.5,6.0,5.5,2.7,1.0,0.539,0.312,0.851,20.3,0.321,2004
1,2,Magic Johnson,31,LAL,10.0,497.0,960,0.518,79,37.1,19.4,7.0,12.5,1.3,0.2,0.477,0.32,0.906,15.4,0.251,2004
2,3,David Robinson,25,SAS,6.0,476.0,960,0.496,82,37.7,25.6,13.0,2.5,1.5,3.9,0.552,0.143,0.762,17.0,0.264,2004
3,4,Charles Barkley,27,PHI,2.0,222.0,960,0.231,67,37.3,27.6,10.1,4.2,1.6,0.5,0.57,0.284,0.722,13.4,0.258,2004
4,5,Karl Malone,27,UTA,0.0,142.0,960,0.148,82,40.3,29.0,11.8,3.3,1.1,1.0,0.527,0.286,0.77,15.5,0.225,2004
5,6,Clyde Drexler,28,POR,1.0,75.0,960,0.078,82,34.8,21.5,6.7,6.0,1.8,0.7,0.482,0.319,0.794,12.4,0.209,2004
6,7,Kevin Johnson,24,PHO,0.0,32.0,960,0.033,77,36.0,22.2,3.5,10.1,2.1,0.1,0.516,0.205,0.843,12.7,0.22,2004
7,8,Dominique Wilkins,31,ATL,0.0,29.0,960,0.03,81,38.0,25.9,9.0,3.3,1.5,0.8,0.47,0.341,0.829,11.4,0.177,2004
8,9T,Larry Bird,34,BOS,0.0,25.0,960,0.026,60,38.0,19.4,8.5,7.2,1.8,1.0,0.454,0.389,0.891,6.6,0.14,2004
9,9T,Terry Porter,27,POR,0.0,25.0,960,0.026,81,32.9,17.0,3.5,8.0,2.0,0.1,0.515,0.415,0.823,13.0,0.235,2004
10,11,Patrick Ewing,28,NYK,0.0,20.0,960,0.021,81,38.3,26.6,11.2,3.0,1.0,3.2,0.514,0.0,0.745,10.0,0.155,2004
11,12,John Stockton,28,UTA,0.0,15.0,960,0.016,82,37.8,17.2,2.9,14.2,2.9,0.2,0.507,0.345,0.836,14.0,0.217,2004
12,13,Isiah Thomas,29,DET,0.0,11.0,960,0.011,48,34.5,16.2,3.3,9.3,1.6,0.2,0.435,0.292,0.782,3.4,0.098,2004
13,14,Robert Parish,37,BOS,0.0,10.0,960,0.01,81,30.1,14.9,10.6,0.8,0.8,1.3,0.598,0.0,0.767,10.0,0.198,2004
14,15,Joe Dumars,27,DET,0.0,8.0,960,0.008,80,38.1,20.4,2.3,5.5,1.1,0.1,0.481,0.311,0.89,9.9,0.155,2004
15,16,Bernard King,34,WSB,0.0,7.0,960,0.007,64,37.5,28.4,5.0,4.6,0.9,0.3,0.472,0.216,0.79,3.5,0.07,2004
16,17,Kenny Smith,25,HOU,0.0,5.0,960,0.005,78,34.6,17.7,2.1,7.1,1.4,0.1,0.52,0.363,0.844,9.0,0.161,2004
17,18,Hakeem Olajuwon,28,HOU,0.0,4.0,960,0.004,56,36.8,21.2,13.8,2.3,2.2,3.9,0.508,0.0,0.769,8.6,0.201,2004
18,19T,Tim Hardaway,24,GSW,0.0,1.0,960,0.001,82,39.2,22.9,4.0,9.7,2.6,0.1,0.476,0.385,0.803,9.9,0.148,2004
19,19T,Kevin McHale,33,BOS,0.0,1.0,960,0.001,68,30.4,18.4,7.1,1.9,0.4,2.1,0.553,0.405,0.829,7.9,0.182,2004
0,1,Michael Jordan,27,CHI,77.0,891.0,960,0.928,82,37.0,31.5,6.0,5.5,2.7,1.0,0.539,0.312,0.851,20.3,0.321,2005
1,2,Magic Johnson,31,LAL,10.0,497.0,960,0.518,79,37.1,19.4,7.0,12.5,1.3,0.2,0.477,0.32,0.906,15.4,0.251,2005
2,3,David Robinson,25,SAS,6.0,476.0,960,0.496,82,37.7,25.6,13.0,2.5,1.5,3.9,0.552,0.143,0.762,17.0,0.264,2005
3,4,Charles Barkley,27,PHI,2.0,222.0,960,0.231,67,37.3,27.6,10.1,4.2,1.6,0.5,0.57,0.284,0.722,13.4,0.258,2005
4,5,Karl Malone,27,UTA,0.0,142.0,960,0.148,82,40.3,29.0,11.8,3.3,1.1,1.0,0.527,0.286,0.77,15.5,0.225,2005
5,6,Clyde Drexler,28,POR,1.0,75.0,960,0.078,82,34.8,21.5,6.7,6.0,1.8,0.7,0.482,0.319,0.794,12.4,0.209,2005
6,7,Kevin Johnson,24,PHO,0.0,32.0,960,0.033,77,36.0,22.2,3.5,10.1,2.1,0.1,0.516,0.205,0.843,12.7,0.22,2005
7,8,Dominique Wilkins,31,ATL,0.0,29.0,960,0.03,81,38.0,25.9,9.0,3.3,1.5,0.8,0.47,0.341,0.829,11.4,0.177,2005
8,9T,Larry Bird,34,BOS,0.0,25.0,960,0.026,60,38.0,19.4,8.5,7.2,1.8,1.0,0.454,0.389,0.891,6.6,0.14,2005
9,9T,Terry Porter,27,POR,0.0,25.0,960,0.026,81,32.9,17.0,3.5,8.0,2.0,0.1,0.515,0.415,0.823,13.0,0.235,2005
10,11,Patrick Ewing,28,NYK,0.0,20.0,960,0.021,81,38.3,26.6,11.2,3.0,1.0,3.2,0.514,0.0,0.745,10.0,0.155,2005
11,12,John Stockton,28,UTA,0.0,15.0,960,0.016,82,37.8,17.2,2.9,14.2,2.9,0.2,0.507,0.345,0.836,14.0,0.217,2005
12,13,Isiah Thomas,29,DET,0.0,11.0,960,0.011,48,34.5,16.2,3.3,9.3,1.6,0.2,0.435,0.292,0.782,3.4,0.098,2005
13,14,Robert Parish,37,BOS,0.0,10.0,960,0.01,81,30.1,14.9,10.6,0.8,0.8,1.3,0.598,0.0,0.767,10.0,0.198,2005
14,15,Joe Dumars,27,DET,0.0,8.0,960,0.008,80,38.1,20.4,2.3,5.5,1.1,0.1,0.481,0.311,0.89,9.9,0.155,2005
15,16,Bernard King,34,WSB,0.0,7.0,960,0.007,64,37.5,28.4,5.0,4.6,0.9,0.3,0.472,0.216,0.79,3.5,0.07,2005
16,17,Kenny Smith,25,HOU,0.0,5.0,960,0.005,78,34.6,17.7,2.1,7.1,1.4,0.1,0.52,0.363,0.844,9.0,0.161,2005
17,18,Hakeem Olajuwon,28,HOU,0.0,4.0,960,0.004,56,36.8,21.2,13.8,2.3,2.2,3.9,0.508,0.0,0.769,8.6,0.201,2005
18,19T,Tim Hardaway,24,GSW,0.0,1.0,960,0.001,82,39.2,22.9,4.0,9.7,2.6,0.1,0.476,0.385,0.803,9.9,0.148,2005
19,19T,Kevin McHale,33,BOS,0.0,1.0,960,0.001,68,30.4,18.4,7.1,1.9,0.4,2.1,0.553,0.405,0.829,7.9,0.182,2005
0,1,Michael Jordan,27,CHI,77.0,891.0,960,0.928,82,37.0,31.5,6.0,5.5,2.7,1.0,0.539,0.312,0.851,20.3,0.321,2006
1,2,Magic Johnson,31,LAL,10.0,497.0,960,0.518,79,37.1,19.4,7.0,12.5,1.3,0.2,0.477,0.32,0.906,15.4,0.251,2006
2,3,David Robinson,25,SAS,6.0,476.0,960,0.496,82,37.7,25.6,13.0,2.5,1.5,3.9,0.552,0.143,0.762,17.0,0.264,2006
3,4,Charles Barkley,27,PHI,2.0,222.0,960,0.231,67,37.3,27.6,10.1,4.2,1.6,0.5,0.57,0.284,0.722,13.4,0.258,2006
4,5,Karl Malone,27,UTA,0.0,142.0,960,0.148,82,40.3,29.0,11.8,3.3,1.1,1.0,0.527,0.286,0.77,15.5,0.225,2006
5,6,Clyde Drexler,28,POR,1.0,75.0,960,0.078,82,34.8,21.5,6.7,6.0,1.8,0.7,0.482,0.319,0.794,12.4,0.209,2006
6,7,Kevin Johnson,24,PHO,0.0,32.0,960,0.033,77,36.0,22.2,3.5,10.1,2.1,0.1,0.516,0.205,0.843,12.7,0.22,2006
7,8,Dominique Wilkins,31,ATL,0.0,29.0,960,0.03,81,38.0,25.9,9.0,3.3,1.5,0.8,0.47,0.341,0.829,11.4,0.177,2006
8,9T,Larry Bird,34,BOS,0.0,25.0,960,0.026,60,38.0,19.4,8.5,7.2,1.8,1.0,0.454,0.389,0.891,6.6,0.14,2006
9,9T,Terry Porter,27,POR,0.0,25.0,960,0.026,81,32.9,17.0,3.5,8.0,2.0,0.1,0.515,0.415,0.823,13.0,0.235,2006
10,11,Patrick Ewing,28,NYK,0.0,20.0,960,0.021,81,38.3,26.6,11.2,3.0,1.0,3.2,0.514,0.0,0.745,10.0,0.155,2006
11,12,John Stockton,28,UTA,0.0,15.0,960,0.016,82,37.8,17.2,2.9,14.2,2.9,0.2,0.507,0.345,0.836,14.0,0.217,2006
12,13,Isiah Thomas,29,DET,0.0,11.0,960,0.011,48,34.5,16.2,3.3,9.3,1.6,0.2,0.435,0.292,0.782,3.4,0.098,2006
13,14,Robert Parish,37,BOS,0.0,10.0,960,0.01,81,30.1,14.9,10.6,0.8,0.8,1.3,0.598,0.0,0.767,10.0,0.198,2006
14,15,Joe Dumars,27,DET,0.0,8.0,960,0.008,80,38.1,20.4,2.3,5.5,1.1,0.1,0.481,0.311,0.89,9.9,0.155,2006
15,16,Bernard King,34,WSB,0.0,7.0,960,0.007,64,37.5,28.4,5.0,4.6,0.9,0.3,0.472,0.216,0.79,3.5,0.07,2006
16,17,Kenny Smith,25,HOU,0.0,5.0,960,0.005,78,34.6,17.7,2.1,7.1,1.4,0.1,0.52,0.363,0.844,9.0,0.161,2006
17,18,Hakeem Olajuwon,28,HOU,0.0,4.0,960,0.004,56,36.8,21.2,13.8,2.3,2.2,3.9,0.508,0.0,0.769,8.6,0.201,2006
18,19T,Tim Hardaway,24,GSW,0.0,1.0,960,0.001,82,39.2,22.9,4.0,9.7,2.6,0.1,0.476,0.385,0.803,9.9,0.148,2006
19,19T,Kevin McHale,33,BOS,0.0,1.0,960,0.001,68,30.4,18.4,7.1,1.9,0.4,2.1,0.553,0.405,0.829,7.9,0.182,2006
0,1,Michael Jordan,27,CHI,77.0,891.0,960,0.928,82,37.0,31.5,6.0,5.5,2.7,1.0,0.539,0.312,0.851,20.3,0.321,2007
1,2,Magic Johnson,31,LAL,10.0,497.0,960,0.518,79,37.1,19.4,7.0,12.5,1.3,0.2,0.477,0.32,0.906,15.4,0.251,2007
2,3,David Robinson,25,SAS,6.0,476.0,960,0.496,82,37.7,25.6,13.0,2.5,1.5,3.9,0.552,0.143,0.762,17.0,0.264,2007
3,4,Charles Barkley,27,PHI,2.0,222.0,960,0.231,67,37.3,27.6,10.1,4.2,1.6,0.5,0.57,0.284,0.722,13.4,0.258,2007
4,5,Karl Malone,27,UTA,0.0,142.0,960,0.148,82,40.3,29.0,11.8,3.3,1.1,1.0,0.527,0.286,0.77,15.5,0.225,2007
5,6,Clyde Drexler,28,POR,1.0,75.0,960,0.078,82,34.8,21.5,6.7,6.0,1.8,0.7,0.482,0.319,0.794,12.4,0.209,2007
6,7,Kevin Johnson,24,PHO,0.0,32.0,960,0.033,77,36.0,22.2,3.5,10.1,2.1,0.1,0.516,0.205,0.843,12.7,0.22,2007
7,8,Dominique Wilkins,31,ATL,0.0,29.0,960,0.03,81,38.0,25.9,9.0,3.3,1.5,0.8,0.47,0.341,0.829,11.4,0.177,2007
8,9T,Larry Bird,34,BOS,0.0,25.0,960,0.026,60,38.0,19.4,8.5,7.2,1.8,1.0,0.454,0.389,0.891,6.6,0.14,2007
9,9T,Terry Porter,27,POR,0.0,25.0,960,0.026,81,32.9,17.0,3.5,8.0,2.0,0.1,0.515,0.415,0.823,13.0,0.235,2007
10,11,Patrick Ewing,28,NYK,0.0,20.0,960,0.021,81,38.3,26.6,11.2,3.0,1.0,3.2,0.514,0.0,0.745,10.0,0.155,2007
11,12,John Stockton,28,UTA,0.0,15.0,960,0.016,82,37.8,17.2,2.9,14.2,2.9,0.2,0.507,0.345,0.836,14.0,0.217,2007
12,13,Isiah Thomas,29,DET,0.0,11.0,960,0.011,48,34.5,16.2,3.3,9.3,1.6,0.2,0.435,0.292,0.782,3.4,0.098,2007
13,14,Robert Parish,37,BOS,0.0,10.0,960,0.01,81,30.1,14.9,10.6,0.8,0.8,1.3,0.598,0.0,0.767,10.0,0.198,2007
14,15,Joe Dumars,27,DET,0.0,8.0,960,0.008,80,38.1,20.4,2.3,5.5,1.1,0.1,0.481,0.311,0.89,9.9,0.155,2007
15,16,Bernard King,34,WSB,0.0,7.0,960,0.007,64,37.5,28.4,5.0,4.6,0.9,0.3,0.472,0.216,0.79,3.5,0.07,2007
16,17,Kenny Smith,25,HOU,0.0,5.0,960,0.005,78,34.6,17.7,2.1,7.1,1.4,0.1,0.52,0.363,0.844,9.0,0.161,2007
17,18,Hakeem Olajuwon,28,HOU,0.0,4.0,960,0.004,56,36.8,21.2,13.8,2.3,2.2,3.9,0.508,0.0,0.769,8.6,0.201,2007
18,19T,Tim Hardaway,24,GSW,0.0,1.0,960,0.001,82,39.2,22.9,4.0,9.7,2.6,0.1,0.476,0.385,0.803,9.9,0.148,2007
19,19T,Kevin McHale,33,BOS,0.0,1.0,960,0.001,68,30.4,18.4,7.1,1.9,0.4,2.1,0.553,0.405,0.829,7.9,0.182,2007
0,1,Michael Jordan,27,CHI,77.0,891.0,960,0.928,82,37.0,31.5,6.0,5.5,2.7,1.0,0.539,0.312,0.851,20.3,0.321,2008
1,2,Magic Johnson,31,LAL,10.0,497.0,960,0.518,79,37.1,19.4,7.0,12.5,1.3,0.2,0.477,0.32,0.906,15.4,0.251,2008
2,3,David Robinson,25,SAS,6.0,476.0,960,0.496,82,37.7,25.6,13.0,2.5,1.5,3.9,0.552,0.143,0.762,17.0,0.264,2008
3,4,Charles Barkley,27,PHI,2.0,222.0,960,0.231,67,37.3,27.6,10.1,4.2,1.6,0.5,0.57,0.284,0.722,13.4,0.258,2008
4,5,Karl Malone,27,UTA,0.0,142.0,960,0.148,82,40.3,29.0,11.8,3.3,1.1,1.0,0.527,0.286,0.77,15.5,0.225,2008
5,6,Clyde Drexler,28,POR,1.0,75.0,960,0.078,82,34.8,21.5,6.7,6.0,1.8,0.7,0.482,0.319,0.794,12.4,0.209,2008
6,7,Kevin Johnson,24,PHO,0.0,32.0,960,0.033,77,36.0,22.2,3.5,10.1,2.1,0.1,0.516,0.205,0.843,12.7,0.22,2008
7,8,Dominique Wilkins,31,ATL,0.0,29.0,960,0.03,81,38.0,25.9,9.0,3.3,1.5,0.8,0.47,0.341,0.829,11.4,0.177,2008
8,9T,Larry Bird,34,BOS,0.0,25.0,960,0.026,60,38.0,19.4,8.5,7.2,1.8,1.0,0.454,0.389,0.891,6.6,0.14,2008
9,9T,Terry Porter,27,POR,0.0,25.0,960,0.026,81,32.9,17.0,3.5,8.0,2.0,0.1,0.515,0.415,0.823,13.0,0.235,2008
10,11,Patrick Ewing,28,NYK,0.0,20.0,960,0.021,81,38.3,26.6,11.2,3.0,1.0,3.2,0.514,0.0,0.745,10.0,0.155,2008
11,12,John Stockton,28,UTA,0.0,15.0,960,0.016,82,37.8,17.2,2.9,14.2,2.9,0.2,0.507,0.345,0.836,14.0,0.217,2008
12,13,Isiah Thomas,29,DET,0.0,11.0,960,0.011,48,34.5,16.2,3.3,9.3,1.6,0.2,0.435,0.292,0.782,3.4,0.098,2008
13,14,Robert Parish,37,BOS,0.0,10.0,960,0.01,81,30.1,14.9,10.6,0.8,0.8,1.3,0.598,0.0,0.767,10.0,0.198,2008
14,15,Joe Dumars,27,DET,0.0,8.0,960,0.008,80,38.1,20.4,2.3,5.5,1.1,0.1,0.481,0.311,0.89,9.9,0.155,2008
15,16,Bernard King,34,WSB,0.0,7.0,960,0.007,64,37.5,28.4,5.0,4.6,0.9,0.3,0.472,0.216,0.79,3.5,0.07,2008
16,17,Kenny Smith,25,HOU,0.0,5.0,960,0.005,78,34.6,17.7,2.1,7.1,1.4,0.1,0.52,0.363,0.844,9.0,0.161,2008
17,18,Hakeem Olajuwon,28,HOU,0.0,4.0,960,0.004,56,36.8,21.2,13.8,2.3,2.2,3.9,0.508,0.0,0.769,8.6,0.201,2008
18,19T,Tim Hardaway,24,GSW,0.0,1.0,960,0.001,82,39.2,22.9,4.0,9.7,2.6,0.1,0.476,0.385,0.803,9.9,0.148,2008
19,19T,Kevin McHale,33,BOS,0.0,1.0,960,0.001,68,30.4,18.4,7.1,1.9,0.4,2.1,0.553,0.405,0.829,7.9,0.182,2008
0,1,Michael Jordan,27,CHI,77.0,891.0,960,0.928,82,37.0,31.5,6.0,5.5,2.7,1.0,0.539,0.312,0.851,20.3,0.321,2009
1,2,Magic Johnson,31,LAL,10.0,497.0,960,0.518,79,37.1,19.4,7.0,12.5,1.3,0.2,0.477,0.32,0.906,15.4,0.251,2009
2,3,David Robinson,25,SAS,6.0,476.0,960,0.496,82,37.7,25.6,13.0,2.5,1.5,3.9,0.552,0.143,0.762,17.0,0.264,2009
3,4,Charles Barkley,27,PHI,2.0,222.0,960,0.231,67,37.3,27.6,10.1,4.2,1.6,0.5,0.57,0.284,0.722,13.4,0.258,2009
4,5,Karl Malone,27,UTA,0.0,142.0,960,0.148,82,40.3,29.0,11.8,3.3,1.1,1.0,0.527,0.286,0.77,15.5,0.225,2009
5,6,Clyde Drexler,28,POR,1.0,75.0,960,0.078,82,34.8,21.5,6.7,6.0,1.8,0.7,0.482,0.319,0.794,12.4,0.209,2009
6,7,Kevin Johnson,24,PHO,0.0,32.0,960,0.033,77,36.0,22.2,3.5,10.1,2.1,0.1,0.516,0.205,0.843,12.7,0.22,2009
7,8,Dominique Wilkins,31,ATL,0.0,29.0,960,0.03,81,38.0,25.9,9.0,3.3,1.5,0.8,0.47,0.341,0.829,11.4,0.177,2009
8,9T,Larry Bird,34,BOS,0.0,25.0,960,0.026,60,38.0,19.4,8.5,7.2,1.8,1.0,0.454,0.389,0.891,6.6,0.14,2009
9,9T,Terry Porter,27,POR,0.0,25.0,960,0.026,81,32.9,17.0,3.5,8.0,2.0,0.1,0.515,0.415,0.823,13.0,0.235,2009
10,11,Patrick Ewing,28,NYK,0.0,20.0,960,0.021,81,38.3,26.6,11.2,3.0,1.0,3.2,0.514,0.0,0.745,10.0,0.155,2009
11,12,John Stockton,28,UTA,0.0,15.0,960,0.016,82,37.8,17.2,2.9,14.2,2.9,0.2,0.507,0.345,0.836,14.0,0.217,2009
12,13,Isiah Thomas,29,DET,0.0,11.0,960,0.011,48,34.5,16.2,3.3,9.3,1.6,0.2,0.435,0.292,0.782,3.4,0.098,2009
13,14,Robert Parish,37,BOS,0.0,10.0,960,0.01,81,30.1,14.9,10.6,0.8,0.8,1.3,0.598,0.0,0.767,10.0,0.198,2009
14,15,Joe Dumars,27,DET,0.0,8.0,960,0.008,80,38.1,20.4,2.3,5.5,1.1,0.1,0.481,0.311,0.89,9.9,0.155,2009
15,16,Bernard King,34,WSB,0.0,7.0,960,0.007,64,37.5,28.4,5.0,4.6,0.9,0.3,0.472,0.216,0.79,3.5,0.07,2009
16,17,Kenny Smith,25,HOU,0.0,5.0,960,0.005,78,34.6,17.7,2.1,7.1,1.4,0.1,0.52,0.363,0.844,9.0,0.161,2009
17,18,Hakeem Olajuwon,28,HOU,0.0,4.0,960,0.004,56,36.8,21.2,13.8,2.3,2.2,3.9,0.508,0.0,0.769,8.6,0.201,2009
18,19T,Tim Hardaway,24,GSW,0.0,1.0,960,0.001,82,39.2,22.9,4.0,9.7,2.6,0.1,0.476,0.385,0.803,9.9,0.148,2009
19,19T,Kevin McHale,33,BOS,0.0,1.0,960,0.001,68,30.4,18.4,7.1,1.9,0.4,2.1,0.553,0.405,0.829,7.9,0.182,2009
0,1,Michael Jordan,27,CHI,77.0,891.0,960,0.928,82,37.0,31.5,6.0,5.5,2.7,1.0,0.539,0.312,0.851,20.3,0.321,2010
1,2,Magic Johnson,31,LAL,10.0,497.0,960,0.518,79,37.1,19.4,7.0,12.5,1.3,0.2,0.477,0.32,0.906,15.4,0.251,2010
2,3,David Robinson,25,SAS,6.0,476.0,960,0.496,82,37.7,25.6,13.0,2.5,1.5,3.9,0.552,0.143,0.762,17.0,0.264,2010
3,4,Charles Barkley,27,PHI,2.0,222.0,960,0.231,67,37.3,27.6,10.1,4.2,1.6,0.5,0.57,0.284,0.722,13.4,0.258,2010
4,5,Karl Malone,27,UTA,0.0,142.0,960,0.148,82,40.3,29.0,11.8,3.3,1.1,1.0,0.527,0.286,0.77,15.5,0.225,2010
5,6,Clyde Drexler,28,POR,1.0,75.0,960,0.078,82,34.8,21.5,6.7,6.0,1.8,0.7,0.482,0.319,0.794,12.4,0.209,2010
6,7,Kevin Johnson,24,PHO,0.0,32.0,960,0.033,77,36.0,22.2,3.5,10.1,2.1,0.1,0.516,0.205,0.843,12.7,0.22,2010
7,8,Dominique Wilkins,31,ATL,0.0,29.0,960,0.03,81,38.0,25.9,9.0,3.3,1.5,0.8,0.47,0.341,0.829,11.4,0.177,2010
8,9T,Larry Bird,34,BOS,0.0,25.0,960,0.026,60,38.0,19.4,8.5,7.2,1.8,1.0,0.454,0.389,0.891,6.6,0.14,2010
9,9T,Terry Porter,27,POR,0.0,25.0,960,0.026,81,32.9,17.0,3.5,8.0,2.0,0.1,0.515,0.415,0.823,13.0,0.235,2010
10,11,Patrick Ewing,28,NYK,0.0,20.0,960,0.021,81,38.3,26.6,11.2,3.0,1.0,3.2,0.514,0.0,0.745,10.0,0.155,2010
11,12,John Stockton,28,UTA,0.0,15.0,960,0.016,82,37.8,17.2,2.9,14.2,2.9,0.2,0.507,0.345,0.836,14.0,0.217,2010
12,13,Isiah Thomas,29,DET,0.0,11.0,960,0.011,48,34.5,16.2,3.3,9.3,1.6,0.2,0.435,0.292,0.782,3.4,0.098,2010
13,14,Robert Parish,37,BOS,0.0,10.0,960,0.01,81,30.1,14.9,10.6,0.8,0.8,1.3,0.598,0.0,0.767,10.0,0.198,2010
14,15,Joe Dumars,27,DET,0.0,8.0,960,0.008,80,38.1,20.4,2.3,5.5,1.1,0.1,0.481,0.311,0.89,9.9,0.155,2010
15,16,Bernard King,34,WSB,0.0,7.0,960,0.007,64,37.5,28.4,5.0,4.6,0.9,0.3,0.472,0.216,0.79,3.5,0.07,2010
16,17,Kenny Smith,25,HOU,0.0,5.0,960,0.005,78,34.6,17.7,2.1,7.1,1.4,0.1,0.52,0.363,0.844,9.0,0.161,2010
17,18,Hakeem Olajuwon,28,HOU,0.0,4.0,960,0.004,56,36.8,21.2,13.8,2.3,2.2,3.9,0.508,0.0,0.769,8.6,0.201,2010
18,19T,Tim Hardaway,24,GSW,0.0,1.0,960,0.001,82,39.2,22.9,4.0,9.7,2.6,0.1,0.476,0.385,0.803,9.9,0.148,2010
19,19T,Kevin McHale,33,BOS,0.0,1.0,960,0.001,68,30.4,18.4,7.1,1.9,0.4,2.1,0.553,0.405,0.829,7.9,0.182,2010
0,1,Michael Jordan,27,CHI,77.0,891.0,960,0.928,82,37.0,31.5,6.0,5.5,2.7,1.0,0.539,0.312,0.851,20.3,0.321,2011
1,2,Magic Johnson,31,LAL,10.0,497.0,960,0.518,79,37.1,19.4,7.0,12.5,1.3,0.2,0.477,0.32,0.906,15.4,0.251,2011
2,3,David Robinson,25,SAS,6.0,476.0,960,0.496,82,37.7,25.6,13.0,2.5,1.5,3.9,0.552,0.143,0.762,17.0,0.264,2011
3,4,Charles Barkley,27,PHI,2.0,222.0,960,0.231,67,37.3,27.6,10.1,4.2,1.6,0.5,0.57,0.284,0.722,13.4,0.258,2011
4,5,Karl Malone,27,UTA,0.0,142.0,960,0.148,82,40.3,29.0,11.8,3.3,1.1,1.0,0.527,0.286,0.77,15.5,0.225,2011
5,6,Clyde Drexler,28,POR,1.0,75.0,960,0.078,82,34.8,21.5,6.7,6.0,1.8,0.7,0.482,0.319,0.794,12.4,0.209,2011
6,7,Kevin Johnson,24,PHO,0.0,32.0,960,0.033,77,36.0,22.2,3.5,10.1,2.1,0.1,0.516,0.205,0.843,12.7,0.22,2011
7,8,Dominique Wilkins,31,ATL,0.0,29.0,960,0.03,81,38.0,25.9,9.0,3.3,1.5,0.8,0.47,0.341,0.829,11.4,0.177,2011
8,9T,Larry Bird,34,BOS,0.0,25.0,960,0.026,60,38.0,19.4,8.5,7.2,1.8,1.0,0.454,0.389,0.891,6.6,0.14,2011
9,9T,Terry Porter,27,POR,0.0,25.0,960,0.026,81,32.9,17.0,3.5,8.0,2.0,0.1,0.515,0.415,0.823,13.0,0.235,2011
10,11,Patrick Ewing,28,NYK,0.0,20.0,960,0.021,81,38.3,26.6,11.2,3.0,1.0,3.2,0.514,0.0,0.745,10.0,0.155,2011
11,12,John Stockton,28,UTA,0.0,15.0,960,0.016,82,37.8,17.2,2.9,14.2,2.9,0.2,0.507,0.345,0.836,14.0,0.217,2011
12,13,Isiah Thomas,29,DET,0.0,11.0,960,0.011,48,34.5,16.2,3.3,9.3,1.6,0.2,0.435,0.292,0.782,3.4,0.098,2011
13,14,Robert Parish,37,BOS,0.0,10.0,960,0.01,81,30.1,14.9,10.6,0.8,0.8,1.3,0.598,0.0,0.767,10.0,0.198,2011
14,15,Joe Dumars,27,DET,0.0,8.0,960,0.008,80,38.1,20.4,2.3,5.5,1.1,0.1,0.481,0.311,0.89,9.9,0.155,2011
15,16,Bernard King,34,WSB,0.0,7.0,960,0.007,64,37.5,28.4,5.0,4.6,0.9,0.3,0.472,0.216,0.79,3.5,0.07,2011
16,17,Kenny Smith,25,HOU,0.0,5.0,960,0.005,78,34.6,17.7,2.1,7.1,1.4,0.1,0.52,0.363,0.844,9.0,0.161,2011
17,18,Hakeem Olajuwon,28,HOU,0.0,4.0,960,0.004,56,36.8,21.2,13.8,2.3,2.2,3.9,0.508,0.0,0.769,8.6,0.201,2011
18,19T,Tim Hardaway,24,GSW,0.0,1.0,960,0.001,82,39.2,22.9,4.0,9.7,2.6,0.1,0.476,0.385,0.803,9.9,0.148,2011
19,19T,Kevin McHale,33,BOS,0.0,1.0,960,0.001,68,30.4,18.4,7.1,1.9,0.4,2.1,0.553,0.405,0.829,7.9,0.182,2011
0,1,Michael Jordan,27,CHI,77.0,891.0,960,0.928,82,37.0,31.5,6.0,5.5,2.7,1.0,0.539,0.312,0.851,20.3,0.321,2012
1,2,Magic Johnson,31,LAL,10.0,497.0,960,0.518,79,37.1,19.4,7.0,12.5,1.3,0.2,0.477,0.32,0.906,15.4,0.251,2012
2,3,David Robinson,25,SAS,6.0,476.0,960,0.496,82,37.7,25.6,13.0,2.5,1.5,3.9,0.552,0.143,0.762,17.0,0.264,2012
3,4,Charles Barkley,27,PHI,2.0,222.0,960,0.231,67,37.3,27.6,10.1,4.2,1.6,0.5,0.57,0.284,0.722,13.4,0.258,2012
4,5,Karl Malone,27,UTA,0.0,142.0,960,0.148,82,40.3,29.0,11.8,3.3,1.1,1.0,0.527,0.286,0.77,15.5,0.225,2012
5,6,Clyde Drexler,28,POR,1.0,75.0,960,0.078,82,34.8,21.5,6.7,6.0,1.8,0.7,0.482,0.319,0.794,12.4,0.209,2012
6,7,Kevin Johnson,24,PHO,0.0,32.0,960,0.033,77,36.0,22.2,3.5,10.1,2.1,0.1,0.516,0.205,0.843,12.7,0.22,2012
7,8,Dominique Wilkins,31,ATL,0.0,29.0,960,0.03,81,38.0,25.9,9.0,3.3,1.5,0.8,0.47,0.341,0.829,11.4,0.177,2012
8,9T,Larry Bird,34,BOS,0.0,25.0,960,0.026,60,38.0,19.4,8.5,7.2,1.8,1.0,0.454,0.389,0.891,6.6,0.14,2012
9,9T,Terry Porter,27,POR,0.0,25.0,960,0.026,81,32.9,17.0,3.5,8.0,2.0,0.1,0.515,0.415,0.823,13.0,0.235,2012
10,11,Patrick Ewing,28,NYK,0.0,20.0,960,0.021,81,38.3,26.6,11.2,3.0,1.0,3.2,0.514,0.0,0.745,10.0,0.155,2012
11,12,John Stockton,28,UTA,0.0,15.0,960,0.016,82,37.8,17.2,2.9,14.2,2.9,0.2,0.507,0.345,0.836,14.0,0.217,2012
12,13,Isiah Thomas,29,DET,0.0,11.0,960,0.011,48,34.5,16.2,3.3,9.3,1.6,0.2,0.435,0.292,0.782,3.4,0.098,2012
13,14,Robert Parish,37,BOS,0.0,10.0,960,0.01,81,30.1,14.9,10.6,0.8,0.8,1.3,0.598,0.0,0.767,10.0,0.198,2012
14,15,Joe Dumars,27,DET,0.0,8.0,960,0.008,80,38.1,20.4,2.3,5.5,1.1,0.1,0.481,0.311,0.89,9.9,0.155,2012
15,16,Bernard King,34,WSB,0.0,7.0,960,0.007,64,37.5,28.4,5.0,4.6,0.9,0.3,0.472,0.216,0.79,3.5,0.07,2012
16,17,Kenny Smith,25,HOU,0.0,5.0,960,0.005,78,34.6,17.7,2.1,7.1,1.4,0.1,0.52,0.363,0.844,9.0,0.161,2012
17,18,Hakeem Olajuwon,28,HOU,0.0,4.0,960,0.004,56,36.8,21.2,13.8,2.3,2.2,3.9,0.508,0.0,0.769,8.6,0.201,2012
18,19T,Tim Hardaway,24,GSW,0.0,1.0,960,0.001,82,39.2,22.9,4.0,9.7,2.6,0.1,0.476,0.385,0.803,9.9,0.148,2012
19,19T,Kevin McHale,33,BOS,0.0,1.0,960,0.001,68,30.4,18.4,7.1,1.9,0.4,2.1,0.553,0.405,0.829,7.9,0.182,2012
0,1,Michael Jordan,27,CHI,77.0,891.0,960,0.928,82,37.0,31.5,6.0,5.5,2.7,1.0,0.539,0.312,0.851,20.3,0.321,2013
1,2,Magic Johnson,31,LAL,10.0,497.0,960,0.518,79,37.1,19.4,7.0,12.5,1.3,0.2,0.477,0.32,0.906,15.4,0.251,2013
2,3,David Robinson,25,SAS,6.0,476.0,960,0.496,82,37.7,25.6,13.0,2.5,1.5,3.9,0.552,0.143,0.762,17.0,0.264,2013
3,4,Charles Barkley,27,PHI,2.0,222.0,960,0.231,67,37.3,27.6,10.1,4.2,1.6,0.5,0.57,0.284,0.722,13.4,0.258,2013
4,5,Karl Malone,27,UTA,0.0,142.0,960,0.148,82,40.3,29.0,11.8,3.3,1.1,1.0,0.527,0.286,0.77,15.5,0.225,2013
5,6,Clyde Drexler,28,POR,1.0,75.0,960,0.078,82,34.8,21.5,6.7,6.0,1.8,0.7,0.482,0.319,0.794,12.4,0.209,2013
6,7,Kevin Johnson,24,PHO,0.0,32.0,960,0.033,77,36.0,22.2,3.5,10.1,2.1,0.1,0.516,0.205,0.843,12.7,0.22,2013
7,8,Dominique Wilkins,31,ATL,0.0,29.0,960,0.03,81,38.0,25.9,9.0,3.3,1.5,0.8,0.47,0.341,0.829,11.4,0.177,2013
8,9T,Larry Bird,34,BOS,0.0,25.0,960,0.026,60,38.0,19.4,8.5,7.2,1.8,1.0,0.454,0.389,0.891,6.6,0.14,2013
9,9T,Terry Porter,27,POR,0.0,25.0,960,0.026,81,32.9,17.0,3.5,8.0,2.0,0.1,0.515,0.415,0.823,13.0,0.235,2013
10,11,Patrick Ewing,28,NYK,0.0,20.0,960,0.021,81,38.3,26.6,11.2,3.0,1.0,3.2,0.514,0.0,0.745,10.0,0.155,2013
11,12,John Stockton,28,UTA,0.0,15.0,960,0.016,82,37.8,17.2,2.9,14.2,2.9,0.2,0.507,0.345,0.836,14.0,0.217,2013
12,13,Isiah Thomas,29,DET,0.0,11.0,960,0.011,48,34.5,16.2,3.3,9.3,1.6,0.2,0.435,0.292,0.782,3.4,0.098,2013
13,14,Robert Parish,37,BOS,0.0,10.0,960,0.01,81,30.1,14.9,10.6,0.8,0.8,1.3,0.598,0.0,0.767,10.0,0.198,2013
14,15,Joe Dumars,27,DET,0.0,8.0,960,0.008,80,38.1,20.4,2.3,5.5,1.1,0.1,0.481,0.311,0.89,9.9,0.155,2013
15,16,Bernard King,34,WSB,0.0,7.0,960,0.007,64,37.5,28.4,5.0,4.6,0.9,0.3,0.472,0.216,0.79,3.5,0.07,2013
16,17,Kenny Smith,25,HOU,0.0,5.0,960,0.005,78,34.6,17.7,2.1,7.1,1.4,0.1,0.52,0.363,0.844,9.0,0.161,2013
17,18,Hakeem Olajuwon,28,HOU,0.0,4.0,960,0.004,56,36.8,21.2,13.8,2.3,2.2,3.9,0.508,0.0,0.769,8.6,0.201,2013
18,19T,Tim Hardaway,24,GSW,0.0,1.0,960,0.001,82,39.2,22.9,4.0,9.7,2.6,0.1,0.476,0.385,0.803,9.9,0.148,2013
19,19T,Kevin McHale,33,BOS,0.0,1.0,960,0.001,68,30.4,18.4,7.1,1.9,0.4,2.1,0.553,0.405,0.829,7.9,0.182,2013
0,1,Michael Jordan,27,CHI,77.0,891.0,960,0.928,82,37.0,31.5,6.0,5.5,2.7,1.0,0.539,0.312,0.851,20.3,0.321,2014
1,2,Magic Johnson,31,LAL,10.0,497.0,960,0.518,79,37.1,19.4,7.0,12.5,1.3,0.2,0.477,0.32,0.906,15.4,0.251,2014
2,3,David Robinson,25,SAS,6.0,476.0,960,0.496,82,37.7,25.6,13.0,2.5,1.5,3.9,0.552,0.143,0.762,17.0,0.264,2014
3,4,Charles Barkley,27,PHI,2.0,222.0,960,0.231,67,37.3,27.6,10.1,4.2,1.6,0.5,0.57,0.284,0.722,13.4,0.258,2014
4,5,Karl Malone,27,UTA,0.0,142.0,960,0.148,82,40.3,29.0,11.8,3.3,1.1,1.0,0.527,0.286,0.77,15.5,0.225,2014
5,6,Clyde Drexler,28,POR,1.0,75.0,960,0.078,82,34.8,21.5,6.7,6.0,1.8,0.7,0.482,0.319,0.794,12.4,0.209,2014
6,7,Kevin Johnson,24,PHO,0.0,32.0,960,0.033,77,36.0,22.2,3.5,10.1,2.1,0.1,0.516,0.205,0.843,12.7,0.22,2014
7,8,Dominique Wilkins,31,ATL,0.0,29.0,960,0.03,81,38.0,25.9,9.0,3.3,1.5,0.8,0.47,0.341,0.829,11.4,0.177,2014
8,9T,Larry Bird,34,BOS,0.0,25.0,960,0.026,60,38.0,19.4,8.5,7.2,1.8,1.0,0.454,0.389,0.891,6.6,0.14,2014
9,9T,Terry Porter,27,POR,0.0,25.0,960,0.026,81,32.9,17.0,3.5,8.0,2.0,0.1,0.515,0.415,0.823,13.0,0.235,2014
10,11,Patrick Ewing,28,NYK,0.0,20.0,960,0.021,81,38.3,26.6,11.2,3.0,1.0,3.2,0.514,0.0,0.745,10.0,0.155,2014
11,12,John Stockton,28,UTA,0.0,15.0,960,0.016,82,37.8,17.2,2.9,14.2,2.9,0.2,0.507,0.345,0.836,14.0,0.217,2014
12,13,Isiah Thomas,29,DET,0.0,11.0,960,0.011,48,34.5,16.2,3.3,9.3,1.6,0.2,0.435,0.292,0.782,3.4,0.098,2014
13,14,Robert Parish,37,BOS,0.0,10.0,960,0.01,81,30.1,14.9,10.6,0.8,0.8,1.3,0.598,0.0,0.767,10.0,0.198,2014
14,15,Joe Dumars,27,DET,0.0,8.0,960,0.008,80,38.1,20.4,2.3,5.5,1.1,0.1,0.481,0.311,0.89,9.9,0.155,2014
15,16,Bernard King,34,WSB,0.0,7.0,960,0.007,64,37.5,28.4,5.0,4.6,0.9,0.3,0.472,0.216,0.79,3.5,0.07,2014
16,17,Kenny Smith,25,HOU,0.0,5.0,960,0.005,78,34.6,17.7,2.1,7.1,1.4,0.1,0.52,0.363,0.844,9.0,0.161,2014
17,18,Hakeem Olajuwon,28,HOU,0.0,4.0,960,0.004,56,36.8,21.2,13.8,2.3,2.2,3.9,0.508,0.0,0.769,8.6,0.201,2014
18,19T,Tim Hardaway,24,GSW,0.0,1.0,960,0.001,82,39.2,22.9,4.0,9.7,2.6,0.1,0.476,0.385,0.803,9.9,0.148,2014
19,19T,Kevin McHale,33,BOS,0.0,1.0,960,0.001,68,30.4,18.4,7.1,1.9,0.4,2.1,0.553,0.405,0.829,7.9,0.182,2014
0,1,Michael Jordan,27,CHI,77.0,891.0,960,0.928,82,37.0,31.5,6.0,5.5,2.7,1.0,0.539,0.312,0.851,20.3,0.321,2015
1,2,Magic Johnson,31,LAL,10.0,497.0,960,0.518,79,37.1,19.4,7.0,12.5,1.3,0.2,0.477,0.32,0.906,15.4,0.251,2015
2,3,David Robinson,25,SAS,6.0,476.0,960,0.496,82,37.7,25.6,13.0,2.5,1.5,3.9,0.552,0.143,0.762,17.0,0.264,2015
3,4,Charles Barkley,27,PHI,2.0,222.0,960,0.231,67,37.3,27.6,10.1,4.2,1.6,0.5,0.57,0.284,0.722,13.4,0.258,2015
4,5,Karl Malone,27,UTA,0.0,142.0,960,0.148,82,40.3,29.0,11.8,3.3,1.1,1.0,0.527,0.286,0.77,15.5,0.225,2015
5,6,Clyde Drexler,28,POR,1.0,75.0,960,0.078,82,34.8,21.5,6.7,6.0,1.8,0.7,0.482,0.319,0.794,12.4,0.209,2015
6,7,Kevin Johnson,24,PHO,0.0,32.0,960,0.033,77,36.0,22.2,3.5,10.1,2.1,0.1,0.516,0.205,0.843,12.7,0.22,2015
7,8,Dominique Wilkins,31,ATL,0.0,29.0,960,0.03,81,38.0,25.9,9.0,3.3,1.5,0.8,0.47,0.341,0.829,11.4,0.177,2015
8,9T,Larry Bird,34,BOS,0.0,25.0,960,0.026,60,38.0,19.4,8.5,7.2,1.8,1.0,0.454,0.389,0.891,6.6,0.14,2015
9,9T,Terry Porter,27,POR,0.0,25.0,960,0.026,81,32.9,17.0,3.5,8.0,2.0,0.1,0.515,0.415,0.823,13.0,0.235,2015
10,11,Patrick Ewing,28,NYK,0.0,20.0,960,0.021,81,38.3,26.6,11.2,3.0,1.0,3.2,0.514,0.0,0.745,10.0,0.155,2015
11,12,John Stockton,28,UTA,0.0,15.0,960,0.016,82,37.8,17.2,2.9,14.2,2.9,0.2,0.507,0.345,0.836,14.0,0.217,2015
12,13,Isiah Thomas,29,DET,0.0,11.0,960,0.011,48,34.5,16.2,3.3,9.3,1.6,0.2,0.435,0.292,0.782,3.4,0.098,2015
13,14,Robert Parish,37,BOS,0.0,10.0,960,0.01,81,30.1,14.9,10.6,0.8,0.8,1.3,0.598,0.0,0.767,10.0,0.198,2015
14,15,Joe Dumars,27,DET,0.0,8.0,960,0.008,80,38.1,20.4,2.3,5.5,1.1,0.1,0.481,0.311,0.89,9.9,0.155,2015
15,16,Bernard King,34,WSB,0.0,7.0,960,0.007,64,37.5,28.4,5.0,4.6,0.9,0.3,0.472,0.216,0.79,3.5,0.07,2015
16,17,Kenny Smith,25,HOU,0.0,5.0,960,0.005,78,34.6,17.7,2.1,7.1,1.4,0.1,0.52,0.363,0.844,9.0,0.161,2015
17,18,Hakeem Olajuwon,28,HOU,0.0,4.0,960,0.004,56,36.8,21.2,13.8,2.3,2.2,3.9,0.508,0.0,0.769,8.6,0.201,2015
18,19T,Tim Hardaway,24,GSW,0.0,1.0,960,0.001,82,39.2,22.9,4.0,9.7,2.6,0.1,0.476,0.385,0.803,9.9,0.148,2015
19,19T,Kevin McHale,33,BOS,0.0,1.0,960,0.001,68,30.4,18.4,7.1,1.9,0.4,2.1,0.553,0.405,0.829,7.9,0.182,2015
0,1,Michael Jordan,27,CHI,77.0,891.0,960,0.928,82,37.0,31.5,6.0,5.5,2.7,1.0,0.539,0.312,0.851,20.3,0.321,2016
1,2,Magic Johnson,31,LAL,10.0,497.0,960,0.518,79,37.1,19.4,7.0,12.5,1.3,0.2,0.477,0.32,0.906,15.4,0.251,2016
2,3,David Robinson,25,SAS,6.0,476.0,960,0.496,82,37.7,25.6,13.0,2.5,1.5,3.9,0.552,0.143,0.762,17.0,0.264,2016
3,4,Charles Barkley,27,PHI,2.0,222.0,960,0.231,67,37.3,27.6,10.1,4.2,1.6,0.5,0.57,0.284,0.722,13.4,0.258,2016
4,5,Karl Malone,27,UTA,0.0,142.0,960,0.148,82,40.3,29.0,11.8,3.3,1.1,1.0,0.527,0.286,0.77,15.5,0.225,2016
5,6,Clyde Drexler,28,POR,1.0,75.0,960,0.078,82,34.8,21.5,6.7,6.0,1.8,0.7,0.482,0.319,0.794,12.4,0.209,2016
6,7,Kevin Johnson,24,PHO,0.0,32.0,960,0.033,77,36.0,22.2,3.5,10.1,2.1,0.1,0.516,0.205,0.843,12.7,0.22,2016
7,8,Dominique Wilkins,31,ATL,0.0,29.0,960,0.03,81,38.0,25.9,9.0,3.3,1.5,0.8,0.47,0.341,0.829,11.4,0.177,2016
8,9T,Larry Bird,34,BOS,0.0,25.0,960,0.026,60,38.0,19.4,8.5,7.2,1.8,1.0,0.454,0.389,0.891,6.6,0.14,2016
9,9T,Terry Porter,27,POR,0.0,25.0,960,0.026,81,32.9,17.0,3.5,8.0,2.0,0.1,0.515,0.415,0.823,13.0,0.235,2016
10,11,Patrick Ewing,28,NYK,0.0,20.0,960,0.021,81,38.3,26.6,11.2,3.0,1.0,3.2,0.514,0.0,0.745,10.0,0.155,2016
11,12,John Stockton,28,UTA,0.0,15.0,960,0.016,82,37.8,17.2,2.9,14.2,2.9,0.2,0.507,0.345,0.836,14.0,0.217,2016
12,13,Isiah Thomas,29,DET,0.0,11.0,960,0.011,48,34.5,16.2,3.3,9.3,1.6,0.2,0.435,0.292,0.782,3.4,0.098,2016
13,14,Robert Parish,37,BOS,0.0,10.0,960,0.01,81,30.1,14.9,10.6,0.8,0.8,1.3,0.598,0.0,0.767,10.0,0.198,2016
14,15,Joe Dumars,27,DET,0.0,8.0,960,0.008,80,38.1,20.4,2.3,5.5,1.1,0.1,0.481,0.311,0.89,9.9,0.155,2016
15,16,Bernard King,34,WSB,0.0,7.0,960,0.007,64,37.5,28.4,5.0,4.6,0.9,0.3,0.472,0.216,0.79,3.5,0.07,2016
16,17,Kenny Smith,25,HOU,0.0,5.0,960,0.005,78,34.6,17.7,2.1,7.1,1.4,0.1,0.52,0.363,0.844,9.0,0.161,2016
17,18,Hakeem Olajuwon,28,HOU,0.0,4.0,960,0.004,56,36.8,21.2,13.8,2.3,2.2,3.9,0.508,0.0,0.769,8.6,0.201,2016
18,19T,Tim Hardaway,24,GSW,0.0,1.0,960,0.001,82,39.2,22.9,4.0,9.7,2.6,0.1,0.476,0.385,0.803,9.9,0.148,2016
19,19T,Kevin McHale,33,BOS,0.0,1.0,960,0.001,68,30.4,18.4,7.1,1.9,0.4,2.1,0.553,0.405,0.829,7.9,0.182,2016
0,1,Michael Jordan,27,CHI,77.0,891.0,960,0.928,82,37.0,31.5,6.0,5.5,2.7,1.0,0.539,0.312,0.851,20.3,0.321,2017
1,2,Magic Johnson,31,LAL,10.0,497.0,960,0.518,79,37.1,19.4,7.0,12.5,1.3,0.2,0.477,0.32,0.906,15.4,0.251,2017
2,3,David Robinson,25,SAS,6.0,476.0,960,0.496,82,37.7,25.6,13.0,2.5,1.5,3.9,0.552,0.143,0.762,17.0,0.264,2017
3,4,Charles Barkley,27,PHI,2.0,222.0,960,0.231,67,37.3,27.6,10.1,4.2,1.6,0.5,0.57,0.284,0.722,13.4,0.258,2017
4,5,Karl Malone,27,UTA,0.0,142.0,960,0.148,82,40.3,29.0,11.8,3.3,1.1,1.0,0.527,0.286,0.77,15.5,0.225,2017
5,6,Clyde Drexler,28,POR,1.0,75.0,960,0.078,82,34.8,21.5,6.7,6.0,1.8,0.7,0.482,0.319,0.794,12.4,0.209,2017
6,7,Kevin Johnson,24,PHO,0.0,32.0,960,0.033,77,36.0,22.2,3.5,10.1,2.1,0.1,0.516,0.205,0.843,12.7,0.22,2017
7,8,Dominique Wilkins,31,ATL,0.0,29.0,960,0.03,81,38.0,25.9,9.0,3.3,1.5,0.8,0.47,0.341,0.829,11.4,0.177,2017
8,9T,Larry Bird,34,BOS,0.0,25.0,960,0.026,60,38.0,19.4,8.5,7.2,1.8,1.0,0.454,0.389,0.891,6.6,0.14,2017
9,9T,Terry Porter,27,POR,0.0,25.0,960,0.026,81,32.9,17.0,3.5,8.0,2.0,0.1,0.515,0.415,0.823,13.0,0.235,2017
10,11,Patrick Ewing,28,NYK,0.0,20.0,960,0.021,81,38.3,26.6,11.2,3.0,1.0,3.2,0.514,0.0,0.745,10.0,0.155,2017
11,12,John Stockton,28,UTA,0.0,15.0,960,0.016,82,37.8,17.2,2.9,14.2,2.9,0.2,0.507,0.345,0.836,14.0,0.217,2017
12,13,Isiah Thomas,29,DET,0.0,11.0,960,0.011,48,34.5,16.2,3.3,9.3,1.6,0.2,0.435,0.292,0.782,3.4,0.098,2017
13,14,Robert Parish,37,BOS,0.0,10.0,960,0.01,81,30.1,14.9,10.6,0.8,0.8,1.3,0.598,0.0,0.767,10.0,0.198,2017
14,15,Joe Dumars,27,DET,0.0,8.0,960,0.008,80,38.1,20.4,2.3,5.5,1.1,0.1,0.481,0.311,0.89,9.9,0.155,2017
15,16,Bernard King,34,WSB,0.0,7.0,960,0.007,64,37.5,28.4,5.0,4.6,0.9,0.3,0.472,0.216,0.79,3.5,0.07,2017
16,17,Kenny Smith,25,HOU,0.0,5.0,960,0.005,78,34.6,17.7,2.1,7.1,1.4,0.1,0.52,0.363,0.844,9.0,0.161,2017
17,18,Hakeem Olajuwon,28,HOU,0.0,4.0,960,0.004,56,36.8,21.2,13.8,2.3,2.2,3.9,0.508,0.0,0.769,8.6,0.201,2017
18,19T,Tim Hardaway,24,GSW,0.0,1.0,960,0.001,82,39.2,22.9,4.0,9.7,2.6,0.1,0.476,0.385,0.803,9.9,0.148,2017
19,19T,Kevin McHale,33,BOS,0.0,1.0,960,0.001,68,30.4,18.4,7.1,1.9,0.4,2.1,0.553,0.405,0.829,7.9,0.182,2017
0,1,Michael Jordan,27,CHI,77.0,891.0,960,0.928,82,37.0,31.5,6.0,5.5,2.7,1.0,0.539,0.312,0.851,20.3,0.321,2018
1,2,Magic Johnson,31,LAL,10.0,497.0,960,0.518,79,37.1,19.4,7.0,12.5,1.3,0.2,0.477,0.32,0.906,15.4,0.251,2018
2,3,David Robinson,25,SAS,6.0,476.0,960,0.496,82,37.7,25.6,13.0,2.5,1.5,3.9,0.552,0.143,0.762,17.0,0.264,2018
3,4,Charles Barkley,27,PHI,2.0,222.0,960,0.231,67,37.3,27.6,10.1,4.2,1.6,0.5,0.57,0.284,0.722,13.4,0.258,2018
4,5,Karl Malone,27,UTA,0.0,142.0,960,0.148,82,40.3,29.0,11.8,3.3,1.1,1.0,0.527,0.286,0.77,15.5,0.225,2018
5,6,Clyde Drexler,28,POR,1.0,75.0,960,0.078,82,34.8,21.5,6.7,6.0,1.8,0.7,0.482,0.319,0.794,12.4,0.209,2018
6,7,Kevin Johnson,24,PHO,0.0,32.0,960,0.033,77,36.0,22.2,3.5,10.1,2.1,0.1,0.516,0.205,0.843,12.7,0.22,2018
7,8,Dominique Wilkins,31,ATL,0.0,29.0,960,0.03,81,38.0,25.9,9.0,3.3,1.5,0.8,0.47,0.341,0.829,11.4,0.177,2018
8,9T,Larry Bird,34,BOS,0.0,25.0,960,0.026,60,38.0,19.4,8.5,7.2,1.8,1.0,0.454,0.389,0.891,6.6,0.14,2018
9,9T,Terry Porter,27,POR,0.0,25.0,960,0.026,81,32.9,17.0,3.5,8.0,2.0,0.1,0.515,0.415,0.823,13.0,0.235,2018
10,11,Patrick Ewing,28,NYK,0.0,20.0,960,0.021,81,38.3,26.6,11.2,3.0,1.0,3.2,0.514,0.0,0.745,10.0,0.155,2018
11,12,John Stockton,28,UTA,0.0,15.0,960,0.016,82,37.8,17.2,2.9,14.2,2.9,0.2,0.507,0.345,0.836,14.0,0.217,2018
12,13,Isiah Thomas,29,DET,0.0,11.0,960,0.011,48,34.5,16.2,3.3,9.3,1.6,0.2,0.435,0.292,0.782,3.4,0.098,2018
13,14,Robert Parish,37,BOS,0.0,10.0,960,0.01,81,30.1,14.9,10.6,0.8,0.8,1.3,0.598,0.0,0.767,10.0,0.198,2018
14,15,Joe Dumars,27,DET,0.0,8.0,960,0.008,80,38.1,20.4,2.3,5.5,1.1,0.1,0.481,0.311,0.89,9.9,0.155,2018
15,16,Bernard King,34,WSB,0.0,7.0,960,0.007,64,37.5,28.4,5.0,4.6,0.9,0.3,0.472,0.216,0.79,3.5,0.07,2018
16,17,Kenny Smith,25,HOU,0.0,5.0,960,0.005,78,34.6,17.7,2.1,7.1,1.4,0.1,0.52,0.363,0.844,9.0,0.161,2018
17,18,Hakeem Olajuwon,28,HOU,0.0,4.0,960,0.004,56,36.8,21.2,13.8,2.3,2.2,3.9,0.508,0.0,0.769,8.6,0.201,2018
18,19T,Tim Hardaway,24,GSW,0.0,1.0,960,0.001,82,39.2,22.9,4.0,9.7,2.6,0.1,0.476,0.385,0.803,9.9,0.148,2018
19,19T,Kevin McHale,33,BOS,0.0,1.0,960,0.001,68,30.4,18.4,7.1,1.9,0.4,2.1,0.553,0.405,0.829,7.9,0.182,2018
0,1,Michael Jordan,27,CHI,77.0,891.0,960,0.928,82,37.0,31.5,6.0,5.5,2.7,1.0,0.539,0.312,0.851,20.3,0.321,2019
1,2,Magic Johnson,31,LAL,10.0,497.0,960,0.518,79,37.1,19.4,7.0,12.5,1.3,0.2,0.477,0.32,0.906,15.4,0.251,2019
2,3,David Robinson,25,SAS,6.0,476.0,960,0.496,82,37.7,25.6,13.0,2.5,1.5,3.9,0.552,0.143,0.762,17.0,0.264,2019
3,4,Charles Barkley,27,PHI,2.0,222.0,960,0.231,67,37.3,27.6,10.1,4.2,1.6,0.5,0.57,0.284,0.722,13.4,0.258,2019
4,5,Karl Malone,27,UTA,0.0,142.0,960,0.148,82,40.3,29.0,11.8,3.3,1.1,1.0,0.527,0.286,0.77,15.5,0.225,2019
5,6,Clyde Drexler,28,POR,1.0,75.0,960,0.078,82,34.8,21.5,6.7,6.0,1.8,0.7,0.482,0.319,0.794,12.4,0.209,2019
6,7,Kevin Johnson,24,PHO,0.0,32.0,960,0.033,77,36.0,22.2,3.5,10.1,2.1,0.1,0.516,0.205,0.843,12.7,0.22,2019
7,8,Dominique Wilkins,31,ATL,0.0,29.0,960,0.03,81,38.0,25.9,9.0,3.3,1.5,0.8,0.47,0.341,0.829,11.4,0.177,2019
8,9T,Larry Bird,34,BOS,0.0,25.0,960,0.026,60,38.0,19.4,8.5,7.2,1.8,1.0,0.454,0.389,0.891,6.6,0.14,2019
9,9T,Terry Porter,27,POR,0.0,25.0,960,0.026,81,32.9,17.0,3.5,8.0,2.0,0.1,0.515,0.415,0.823,13.0,0.235,2019
10,11,Patrick Ewing,28,NYK,0.0,20.0,960,0.021,81,38.3,26.6,11.2,3.0,1.0,3.2,0.514,0.0,0.745,10.0,0.155,2019
11,12,John Stockton,28,UTA,0.0,15.0,960,0.016,82,37.8,17.2,2.9,14.2,2.9,0.2,0.507,0.345,0.836,14.0,0.217,2019
12,13,Isiah Thomas,29,DET,0.0,11.0,960,0.011,48,34.5,16.2,3.3,9.3,1.6,0.2,0.435,0.292,0.782,3.4,0.098,2019
13,14,Robert Parish,37,BOS,0.0,10.0,960,0.01,81,30.1,14.9,10.6,0.8,0.8,1.3,0.598,0.0,0.767,10.0,0.198,2019
14,15,Joe Dumars,27,DET,0.0,8.0,960,0.008,80,38.1,20.4,2.3,5.5,1.1,0.1,0.481,0.311,0.89,9.9,0.155,2019
15,16,Bernard King,34,WSB,0.0,7.0,960,0.007,64,37.5,28.4,5.0,4.6,0.9,0.3,0.472,0.216,0.79,3.5,0.07,2019
16,17,Kenny Smith,25,HOU,0.0,5.0,960,0.005,78,34.6,17.7,2.1,7.1,1.4,0.1,0.52,0.363,0.844,9.0,0.161,2019
17,18,Hakeem Olajuwon,28,HOU,0.0,4.0,960,0.004,56,36.8,21.2,13.8,2.3,2.2,3.9,0.508,0.0,0.769,8.6,0.201,2019
18,19T,Tim Hardaway,24,GSW,0.0,1.0,960,0.001,82,39.2,22.9,4.0,9.7,2.6,0.1,0.476,0.385,0.803,9.9,0.148,2019
19,19T,Kevin McHale,33,BOS,0.0,1.0,960,0.001,68,30.4,18.4,7.1,1.9,0.4,2.1,0.553,0.405,0.829,7.9,0.182,2019
0,1,Michael Jordan,27,CHI,77.0,891.0,960,0.928,82,37.0,31.5,6.0,5.5,2.7,1.0,0.539,0.312,0.851,20.3,0.321,2020
1,2,Magic Johnson,31,LAL,10.0,497.0,960,0.518,79,37.1,19.4,7.0,12.5,1.3,0.2,0.477,0.32,0.906,15.4,0.251,2020
2,3,David Robinson,25,SAS,6.0,476.0,960,0.496,82,37.7,25.6,13.0,2.5,1.5,3.9,0.552,0.143,0.762,17.0,0.264,2020
3,4,Charles Barkley,27,PHI,2.0,222.0,960,0.231,67,37.3,27.6,10.1,4.2,1.6,0.5,0.57,0.284,0.722,13.4,0.258,2020
4,5,Karl Malone,27,UTA,0.0,142.0,960,0.148,82,40.3,29.0,11.8,3.3,1.1,1.0,0.527,0.286,0.77,15.5,0.225,2020
5,6,Clyde Drexler,28,POR,1.0,75.0,960,0.078,82,34.8,21.5,6.7,6.0,1.8,0.7,0.482,0.319,0.794,12.4,0.209,2020
6,7,Kevin Johnson,24,PHO,0.0,32.0,960,0.033,77,36.0,22.2,3.5,10.1,2.1,0.1,0.516,0.205,0.843,12.7,0.22,2020
7,8,Dominique Wilkins,31,ATL,0.0,29.0,960,0.03,81,38.0,25.9,9.0,3.3,1.5,0.8,0.47,0.341,0.829,11.4,0.177,2020
8,9T,Larry Bird,34,BOS,0.0,25.0,960,0.026,60,38.0,19.4,8.5,7.2,1.8,1.0,0.454,0.389,0.891,6.6,0.14,2020
9,9T,Terry Porter,27,POR,0.0,25.0,960,0.026,81,32.9,17.0,3.5,8.0,2.0,0.1,0.515,0.415,0.823,13.0,0.235,2020
10,11,Patrick Ewing,28,NYK,0.0,20.0,960,0.021,81,38.3,26.6,11.2,3.0,1.0,3.2,0.514,0.0,0.745,10.0,0.155,2020
11,12,John Stockton,28,UTA,0.0,15.0,960,0.016,82,37.8,17.2,2.9,14.2,2.9,0.2,0.507,0.345,0.836,14.0,0.217,2020
12,13,Isiah Thomas,29,DET,0.0,11.0,960,0.011,48,34.5,16.2,3.3,9.3,1.6,0.2,0.435,0.292,0.782,3.4,0.098,2020
13,14,Robert Parish,37,BOS,0.0,10.0,960,0.01,81,30.1,14.9,10.6,0.8,0.8,1.3,0.598,0.0,0.767,10.0,0.198,2020
14,15,Joe Dumars,27,DET,0.0,8.0,960,0.008,80,38.1,20.4,2.3,5.5,1.1,0.1,0.481,0.311,0.89,9.9,0.155,2020
15,16,Bernard King,34,WSB,0.0,7.0,960,0.007,64,37.5,28.4,5.0,4.6,0.9,0.3,0.472,0.216,0.79,3.5,0.07,2020
16,17,Kenny Smith,25,HOU,0.0,5.0,960,0.005,78,34.6,17.7,2.1,7.1,1.4,0.1,0.52,0.363,0.844,9.0,0.161,2020
17,18,Hakeem Olajuwon,28,HOU,0.0,4.0,960,0.004,56,36.8,21.2,13.8,2.3,2.2,3.9,0.508,0.0,0.769,8.6,0.201,2020
18,19T,Tim Hardaway,24,GSW,0.0,1.0,960,0.001,82,39.2,22.9,4.0,9.7,2.6,0.1,0.476,0.385,0.803,9.9,0.148,2020
19,19T,Kevin McHale,33,BOS,0.0,1.0,960,0.001,68,30.4,18.4,7.1,1.9,0.4,2.1,0.553,0.405,0.829,7.9,0.182,2020
0,1,Michael Jordan,27,CHI,77.0,891.0,960,0.928,82,37.0,31.5,6.0,5.5,2.7,1.0,0.539,0.312,0.851,20.3,0.321,2021
1,2,Magic Johnson,31,LAL,10.0,497.0,960,0.518,79,37.1,19.4,7.0,12.5,1.3,0.2,0.477,0.32,0.906,15.4,0.251,2021
2,3,David Robinson,25,SAS,6.0,476.0,960,0.496,82,37.7,25.6,13.0,2.5,1.5,3.9,0.552,0.143,0.762,17.0,0.264,2021
3,4,Charles Barkley,27,PHI,2.0,222.0,960,0.231,67,37.3,27.6,10.1,4.2,1.6,0.5,0.57,0.284,0.722,13.4,0.258,2021
4,5,Karl Malone,27,UTA,0.0,142.0,960,0.148,82,40.3,29.0,11.8,3.3,1.1,1.0,0.527,0.286,0.77,15.5,0.225,2021
5,6,Clyde Drexler,28,POR,1.0,75.0,960,0.078,82,34.8,21.5,6.7,6.0,1.8,0.7,0.482,0.319,0.794,12.4,0.209,2021
6,7,Kevin Johnson,24,PHO,0.0,32.0,960,0.033,77,36.0,22.2,3.5,10.1,2.1,0.1,0.516,0.205,0.843,12.7,0.22,2021
7,8,Dominique Wilkins,31,ATL,0.0,29.0,960,0.03,81,38.0,25.9,9.0,3.3,1.5,0.8,0.47,0.341,0.829,11.4,0.177,2021
8,9T,Larry Bird,34,BOS,0.0,25.0,960,0.026,60,38.0,19.4,8.5,7.2,1.8,1.0,0.454,0.389,0.891,6.6,0.14,2021
9,9T,Terry Porter,27,POR,0.0,25.0,960,0.026,81,32.9,17.0,3.5,8.0,2.0,0.1,0.515,0.415,0.823,13.0,0.235,2021
10,11,Patrick Ewing,28,NYK,0.0,20.0,960,0.021,81,38.3,26.6,11.2,3.0,1.0,3.2,0.514,0.0,0.745,10.0,0.155,2021
11,12,John Stockton,28,UTA,0.0,15.0,960,0.016,82,37.8,17.2,2.9,14.2,2.9,0.2,0.507,0.345,0.836,14.0,0.217,2021
12,13,Isiah Thomas,29,DET,0.0,11.0,960,0.011,48,34.5,16.2,3.3,9.3,1.6,0.2,0.435,0.292,0.782,3.4,0.098,2021
13,14,Robert Parish,37,BOS,0.0,10.0,960,0.01,81,30.1,14.9,10.6,0.8,0.8,1.3,0.598,0.0,0.767,10.0,0.198,2021
14,15,Joe Dumars,27,DET,0.0,8.0,960,0.008,80,38.1,20.4,2.3,5.5,1.1,0.1,0.481,0.311,0.89,9.9,0.155,2021
15,16,Bernard King,34,WSB,0.0,7.0,960,0.007,64,37.5,28.4,5.0,4.6,0.9,0.3,0.472,0.216,0.79,3.5,0.07,2021
16,17,Kenny Smith,25,HOU,0.0,5.0,960,0.005,78,34.6,17.7,2.1,7.1,1.4,0.1,0.52,0.363,0.844,9.0,0.161,2021
17,18,Hakeem Olajuwon,28,HOU,0.0,4.0,960,0.004,56,36.8,21.2,13.8,2.3,2.2,3.9,0.508,0.0,0.769,8.6,0.201,2021
18,19T,Tim Hardaway,24,GSW,0.0,1.0,960,0.001,82,39.2,22.9,4.0,9.7,2.6,0.1,0.476,0.385,0.803,9.9,0.148,2021
19,19T,Kevin McHale,33,BOS,0.0,1.0,960,0.001,68,30.4,18.4,7.1,1.9,0.4,2.1,0.553,0.405,0.829,7.9,0.182,2021
